student_id,attendance_rate,internal_marks,study_hours_weekly,previous_gpa,assignment_completion_rate,tutoring_support,class_participation,extracurricular_hours,sleep_hours,final_score,performance_category
STU-1000,82.3,52.2,8.6,2.57,69.1,1,2,7.4,5.5,59.9,Average
STU-1001,78.8,77.7,15.3,3.47,78.5,0,2,5.8,8.4,77.6,Good
STU-1002,78.3,66.0,14.5,2.78,77.6,0,2,17.2,4.0,66.0,Average
STU-1003,65.2,63.1,16.9,2.84,57.2,0,2,4.9,8.0,61.7,Average
STU-1004,96.7,51.7,5.8,2.25,64.9,1,2,12.0,8.1,52.4,Average
STU-1005,63.0,69.5,16.7,3.47,72.6,0,2,6.4,6.5,69.3,Average
STU-1006,87.7,77.0,17.5,3.54,73.1,0,2,3.7,8.5,90.2,Good
STU-1007,71.1,62.2,13.1,3.54,62.4,0,1,8.4,6.9,67.7,Average
STU-1008,76.8,79.6,14.3,3.77,82.0,0,2,10.6,7.1,72.1,Average
STU-1009,89.8,61.8,11.5,3.24,72.8,1,3,11.7,7.4,70.7,Average
STU-1010,93.6,83.4,14.3,3.75,72.8,0,3,14.2,10.0,86.7,Good
STU-1011,61.2,59.1,12.0,2.96,51.0,0,2,19.8,8.6,65.3,Average
STU-1012,80.0,49.8,9.0,2.25,67.5,1,3,9.0,7.8,59.0,Average
STU-1013,80.5,73.3,20.3,3.44,68.0,0,2,5.3,5.9,75.4,Good
STU-1014,57.4,43.8,10.0,2.24,51.6,0,1,9.8,7.2,51.7,Average
STU-1015,84.2,71.3,12.8,3.13,74.3,0,3,6.9,6.0,72.8,Average
STU-1016,61.9,61.7,12.1,3.48,69.0,0,3,11.7,8.0,71.8,Average
STU-1017,72.7,67.6,12.6,3.2,70.4,0,1,2.8,7.2,61.2,Average
STU-1018,75.0,97.8,24.9,4.0,75.4,0,3,17.5,5.7,85.2,Good
STU-1019,76.2,60.2,16.5,2.17,81.1,1,2,11.4,7.1,55.9,Average
STU-1020,65.6,47.5,11.7,3.01,57.7,0,2,1.3,6.0,41.7,At Risk
STU-1021,87.2,68.9,9.2,3.06,59.1,1,2,5.2,7.2,77.6,Good
STU-1022,54.8,54.4,8.8,2.45,49.3,0,1,11.3,6.0,46.4,At Risk
STU-1023,81.8,71.3,16.2,2.53,85.9,0,2,12.7,7.0,64.8,Average
STU-1024,70.4,49.8,10.7,2.67,62.9,1,2,2.9,7.9,57.6,Average
STU-1025,78.2,61.1,13.1,2.56,68.8,0,3,10.9,6.9,63.1,Average
STU-1026,79.3,60.7,12.5,3.0,81.7,0,2,0.2,6.5,68.3,Average
STU-1027,64.4,53.4,8.3,2.78,43.9,0,1,7.6,7.2,54.9,Average
STU-1028,76.5,57.4,13.5,3.19,58.0,0,1,12.4,7.8,61.8,Average
STU-1029,76.0,69.1,17.2,3.34,59.5,0,3,5.8,5.7,70.6,Average
STU-1030,71.2,58.6,12.3,3.31,66.9,0,3,2.0,7.3,69.6,Average
STU-1031,70.2,64.2,15.0,2.87,67.9,1,2,8.6,8.6,69.6,Average
STU-1032,80.0,68.4,13.6,3.18,82.7,1,2,5.6,7.7,73.6,Average
STU-1033,57.6,68.0,17.7,3.52,64.9,1,2,10.5,7.1,81.7,Good
STU-1034,44.3,54.0,14.8,3.25,48.9,0,2,4.5,7.8,54.6,Average
STU-1035,71.4,65.7,14.1,3.89,66.2,0,2,4.9,7.5,70.2,Average
STU-1036,75.7,73.7,13.9,3.49,69.3,0,2,0.0,7.9,75.8,Good
STU-1037,95.7,81.5,15.3,3.82,67.6,0,2,8.7,4.6,81.6,Good
STU-1038,77.7,44.3,6.0,1.93,81.6,1,1,7.4,5.1,47.1,At Risk
STU-1039,60.7,73.3,13.8,3.09,64.1,0,2,3.2,8.2,62.6,Average
STU-1040,45.0,62.9,21.2,2.9,61.9,1,1,8.8,5.2,61.0,Average
STU-1041,75.7,69.0,16.8,2.99,76.7,0,2,12.1,7.5,78.4,Good
STU-1042,93.7,83.3,16.1,2.69,86.5,0,3,7.1,6.6,77.0,Good
STU-1043,57.9,67.4,11.7,3.23,54.8,1,1,9.1,5.8,59.5,Average
STU-1044,68.6,54.4,14.2,2.24,59.7,0,1,9.1,7.4,56.6,Average
STU-1045,77.1,79.5,20.5,3.23,81.8,1,3,3.2,7.2,79.0,Good
STU-1046,67.9,48.0,9.3,2.7,61.6,1,2,16.2,9.5,50.7,Average
STU-1047,87.6,66.9,13.3,2.82,67.7,1,3,6.1,6.3,73.5,Average
STU-1048,82.8,73.3,15.3,3.25,85.3,0,3,10.6,8.7,81.1,Good
STU-1049,55.7,56.5,12.3,3.09,57.7,1,1,11.1,7.4,63.0,Average
STU-1050,78.6,76.4,15.5,3.52,77.7,0,3,7.4,6.2,76.2,Good
STU-1051,85.4,70.0,12.6,2.61,83.2,0,2,10.4,8.0,69.4,Average
STU-1052,71.9,63.0,12.1,3.01,64.2,0,2,9.0,7.7,61.2,Average
STU-1053,56.8,59.9,18.6,3.45,66.1,0,2,2.3,7.0,65.1,Average
STU-1054,90.3,65.1,10.5,3.21,78.7,0,1,6.7,7.3,73.7,Average
STU-1055,59.5,54.5,12.7,3.24,52.2,1,3,5.5,6.3,60.0,Average
STU-1056,65.0,68.6,17.7,3.55,67.4,1,2,6.2,6.0,76.2,Good
STU-1057,81.4,81.6,20.2,2.87,80.0,0,3,2.8,7.9,80.1,Good
STU-1058,91.2,65.1,15.9,2.77,71.6,0,2,12.5,6.7,65.1,Average
STU-1059,92.2,77.2,14.4,3.31,96.5,0,3,14.4,6.9,85.7,Good
STU-1060,67.1,63.1,12.1,2.98,50.2,0,2,11.9,7.3,62.9,Average
STU-1061,90.9,74.4,14.2,3.55,66.7,1,3,13.1,7.3,73.7,Average
STU-1062,71.6,68.4,12.7,3.22,75.1,0,2,6.6,5.3,69.4,Average
STU-1063,74.2,54.9,7.7,2.77,65.8,1,2,5.5,8.5,54.1,Average
STU-1064,68.4,73.8,21.4,3.2,65.1,0,2,4.9,7.1,79.5,Good
STU-1065,89.6,64.2,10.8,2.64,77.1,0,2,10.6,6.8,58.3,Average
STU-1066,43.0,58.9,12.7,3.48,60.6,1,2,8.9,7.5,59.9,Average
STU-1067,66.9,43.9,11.4,2.42,60.2,0,1,7.7,7.3,48.8,At Risk
STU-1068,90.6,78.0,13.4,3.6,96.7,0,2,13.2,7.9,82.3,Good
STU-1069,81.2,73.3,16.9,3.19,61.1,0,3,9.6,7.6,78.7,Good
STU-1070,95.9,74.4,10.5,2.98,80.9,0,3,4.6,7.9,67.8,Average
STU-1071,88.0,89.1,17.1,3.39,88.3,0,2,5.3,8.6,92.3,Good
STU-1072,69.2,62.6,13.0,3.28,70.8,0,2,10.7,8.1,68.3,Average
STU-1073,87.6,88.7,16.5,3.65,76.3,1,3,12.2,6.8,95.4,Good
STU-1074,89.3,79.2,18.6,3.64,79.1,0,3,10.2,5.7,90.2,Good
STU-1075,56.9,64.9,12.1,3.21,59.4,0,1,15.6,9.0,60.1,Average
STU-1076,68.6,65.4,14.1,2.66,71.2,0,2,14.5,6.7,56.5,Average
STU-1077,64.2,46.3,8.0,2.81,59.7,1,2,9.8,6.4,49.7,At Risk
STU-1078,92.1,83.1,19.1,3.02,91.9,0,3,4.6,4.9,90.4,Good
STU-1079,96.2,84.6,18.9,3.54,77.4,0,3,2.8,7.4,95.0,Good
STU-1080,95.9,74.0,11.6,2.84,74.8,0,3,6.5,7.2,70.5,Average
STU-1081,60.9,58.9,16.8,2.88,56.1,0,2,11.0,5.2,48.8,At Risk
STU-1082,82.7,82.9,20.7,3.88,77.2,0,3,15.3,7.5,89.0,Good
STU-1083,95.2,82.3,12.6,3.0,85.6,0,3,9.7,6.4,77.7,Good
STU-1084,67.6,56.2,11.5,2.76,61.8,0,2,12.7,10.0,55.6,Average
STU-1085,86.6,79.9,12.1,3.4,93.0,1,3,7.0,6.3,84.3,Good
STU-1086,59.2,55.6,12.8,3.02,59.5,0,2,10.5,6.5,61.4,Average
STU-1087,79.4,62.9,6.6,2.42,62.1,0,2,11.3,6.0,59.1,Average
STU-1088,79.0,72.5,17.7,3.52,75.5,0,3,0.1,8.5,81.5,Good
STU-1089,75.5,58.7,14.1,2.71,63.3,0,2,6.3,6.6,53.5,Average
STU-1090,83.3,72.7,9.2,3.07,66.4,0,3,11.8,6.1,67.9,Average
STU-1091,72.7,68.9,18.5,3.02,81.2,1,3,9.1,7.8,84.8,Good
STU-1092,84.7,77.8,11.6,3.15,71.4,0,2,3.2,5.3,74.5,Average
STU-1093,81.1,77.3,24.1,2.06,77.2,0,2,0.0,7.8,71.3,Average
STU-1094,39.2,44.5,12.9,2.9,39.6,0,1,6.5,9.1,46.4,At Risk
STU-1095,75.3,67.9,21.0,3.56,73.0,0,3,7.7,7.7,81.5,Good
STU-1096,88.2,75.6,13.0,3.62,74.7,0,2,4.5,7.8,68.7,Average
STU-1097,84.9,63.2,9.9,2.6,78.1,0,2,8.6,8.0,60.9,Average
STU-1098,86.6,79.1,13.2,3.46,62.7,0,3,10.0,9.1,78.6,Good
STU-1099,85.1,68.8,7.9,2.71,63.7,0,3,10.7,8.5,69.2,Average
STU-1100,69.9,51.6,9.0,2.88,60.4,0,2,0.0,7.5,55.0,Average
STU-1101,87.0,69.9,11.8,2.91,57.3,0,2,2.7,8.1,60.5,Average
STU-1102,74.6,70.0,14.3,3.1,61.5,1,2,6.8,5.9,72.3,Average
STU-1103,84.4,77.4,12.2,3.5,65.6,1,2,10.3,7.9,74.6,Average
STU-1104,81.0,69.5,12.3,3.17,62.9,0,2,10.0,5.8,64.0,Average
STU-1105,88.9,55.9,10.6,2.99,73.2,0,2,9.9,6.6,60.6,Average
STU-1106,70.7,67.3,14.6,3.49,65.1,0,2,6.5,4.0,70.1,Average
STU-1107,78.7,56.2,13.6,2.69,65.2,0,3,6.7,7.5,67.3,Average
STU-1108,70.5,61.5,13.0,3.02,67.8,0,1,5.1,6.2,63.8,Average
STU-1109,93.6,85.3,13.2,3.5,91.1,0,3,11.1,8.3,87.9,Good
STU-1110,93.9,85.4,17.9,3.29,96.2,1,3,4.3,7.5,91.3,Good
STU-1111,64.6,62.4,13.0,2.84,45.7,0,2,11.4,8.3,59.2,Average
STU-1112,54.5,48.2,10.2,2.37,56.8,1,1,8.8,5.7,49.1,At Risk
STU-1113,61.3,48.7,10.9,3.19,55.4,1,2,7.8,8.2,47.5,At Risk
STU-1114,36.6,25.7,13.1,2.34,47.1,0,1,5.4,9.5,33.6,At Risk
STU-1115,88.8,71.6,13.9,2.95,72.3,0,3,2.6,7.9,68.7,Average
STU-1116,37.8,55.9,17.0,3.58,52.1,0,1,5.4,7.9,63.9,Average
STU-1117,58.5,54.1,13.4,3.32,59.5,1,2,6.7,7.2,61.7,Average
STU-1118,76.7,39.5,7.6,2.14,56.7,0,1,0.0,6.4,42.4,At Risk
STU-1119,64.1,65.3,21.2,3.14,63.5,0,1,7.2,7.9,62.2,Average
STU-1120,71.1,57.2,11.0,2.91,58.7,1,1,11.7,5.2,63.4,Average
STU-1121,41.2,40.9,7.3,2.48,43.3,0,2,10.3,6.5,40.3,At Risk
STU-1122,84.9,73.7,14.1,3.2,78.4,0,2,6.0,4.9,76.5,Good
STU-1123,70.3,69.6,11.8,2.83,69.7,0,2,8.2,6.2,60.1,Average
STU-1124,64.0,54.7,16.1,2.83,60.6,0,2,5.8,7.8,56.1,Average
STU-1125,96.9,80.3,12.6,3.11,80.7,0,3,8.6,7.6,80.3,Good
STU-1126,64.5,59.7,13.8,2.77,69.7,0,3,14.2,7.1,58.2,Average
STU-1127,95.9,88.0,19.2,3.09,95.1,0,2,11.9,7.2,88.0,Good
STU-1128,61.1,52.9,12.9,2.78,58.6,0,1,10.1,4.7,43.5,At Risk
STU-1129,56.7,55.3,9.2,2.81,50.5,0,3,6.0,6.6,51.1,Average
STU-1130,90.1,74.9,11.0,3.5,74.3,0,3,11.0,6.2,85.3,Good
STU-1131,63.1,62.3,16.5,3.54,55.3,1,2,1.3,6.2,72.2,Average
STU-1132,84.3,55.8,8.3,2.28,64.8,0,2,7.0,7.7,54.5,Average
STU-1133,89.2,76.3,15.2,3.39,83.3,0,3,10.3,6.0,89.2,Good
STU-1134,87.3,82.8,15.6,3.68,81.9,0,3,11.0,6.3,75.8,Good
STU-1135,68.0,60.0,13.0,3.75,60.8,0,2,10.7,4.5,63.6,Average
STU-1136,79.5,69.2,13.4,3.28,71.5,1,3,9.2,6.6,73.0,Average
STU-1137,81.4,58.4,8.1,2.57,57.9,0,2,7.2,5.7,59.7,Average
STU-1138,40.2,51.5,12.7,3.33,53.0,0,1,10.2,7.1,56.3,Average
STU-1139,77.3,72.1,14.5,2.66,69.3,0,2,4.2,5.9,62.8,Average
STU-1140,88.3,72.9,12.4,2.9,71.2,0,3,4.6,7.1,75.9,Good
STU-1141,90.6,76.1,15.6,3.22,75.7,0,3,8.2,6.8,77.5,Good
STU-1142,87.2,66.6,11.7,2.69,71.5,0,3,8.7,9.0,71.9,Average
STU-1143,77.6,58.0,9.6,2.53,60.6,0,3,0.7,7.6,53.2,Average
STU-1144,88.2,77.7,14.6,3.26,81.3,0,2,9.8,4.8,76.7,Good
STU-1145,71.2,58.7,13.0,3.89,61.6,0,2,11.1,5.5,68.2,Average
STU-1146,94.9,85.3,18.1,3.61,96.7,0,1,7.7,7.1,92.2,Good
STU-1147,88.1,65.1,12.1,3.37,84.7,0,2,17.5,5.9,70.6,Average
STU-1148,72.6,78.5,16.6,3.49,62.7,0,3,5.3,4.0,74.8,Average
STU-1149,74.0,66.6,13.2,3.34,67.1,0,2,6.6,8.6,71.2,Average
STU-1150,78.6,63.2,10.8,3.25,61.0,0,2,6.4,7.9,68.1,Average
STU-1151,81.0,75.5,12.8,3.45,67.3,0,2,7.7,7.6,78.3,Good
STU-1152,89.0,69.0,11.8,2.43,89.1,0,3,6.7,6.3,68.0,Average
STU-1153,95.6,81.3,23.6,3.14,88.4,0,3,2.4,7.5,85.5,Good
STU-1154,68.7,60.5,12.4,3.01,65.5,0,2,5.8,6.2,60.3,Average
STU-1155,72.8,74.4,22.3,3.09,81.1,1,1,7.6,7.2,77.5,Good
STU-1156,63.4,39.6,8.3,2.84,46.8,1,1,12.9,5.9,48.6,At Risk
STU-1157,64.3,56.5,13.1,3.28,54.2,0,2,16.8,8.8,60.9,Average
STU-1158,79.6,58.3,11.0,2.68,57.3,0,2,13.3,5.1,58.9,Average
STU-1159,70.3,59.4,13.7,2.81,58.0,0,2,4.9,8.5,53.9,Average
STU-1160,70.9,43.7,9.8,2.76,38.0,1,2,5.2,7.0,54.7,Average
STU-1161,71.2,77.2,15.7,3.44,72.4,0,3,7.4,6.4,77.6,Good
STU-1162,68.0,62.0,12.2,3.04,78.5,0,1,15.1,7.2,66.0,Average
STU-1163,60.7,61.5,16.9,2.84,64.8,0,3,7.3,7.9,63.4,Average
STU-1164,96.5,73.3,12.7,2.88,67.0,0,3,2.7,8.6,66.3,Average
STU-1165,68.0,74.5,27.6,3.05,75.4,0,2,6.0,7.4,73.4,Average
STU-1166,78.1,77.7,15.5,3.78,67.9,0,3,11.0,5.9,80.6,Good
STU-1167,82.6,62.1,14.9,2.49,65.2,1,2,10.8,7.1,67.7,Average
STU-1168,77.1,73.4,20.5,3.35,83.9,0,2,7.2,9.2,70.4,Average
STU-1169,91.9,73.7,9.2,3.26,78.1,0,3,10.7,8.6,74.6,Average
STU-1170,68.8,66.6,13.7,2.65,55.0,0,3,0.0,8.1,64.3,Average
STU-1171,57.5,67.2,12.8,3.71,62.8,0,2,8.4,8.0,65.4,Average
STU-1172,77.2,75.3,13.2,3.29,80.5,0,3,11.4,7.8,75.3,Good
STU-1173,56.1,47.8,9.0,2.82,66.9,0,1,4.7,8.4,46.0,At Risk
STU-1174,62.4,46.6,14.1,2.21,84.2,0,2,4.7,6.5,47.5,At Risk
STU-1175,97.7,82.1,11.7,3.15,70.6,0,3,0.5,5.4,77.3,Good
STU-1176,83.0,78.8,9.1,3.03,89.2,0,3,14.4,7.1,69.8,Average
STU-1177,65.2,62.7,11.4,2.59,56.7,0,2,5.1,6.0,59.2,Average
STU-1178,90.0,69.2,16.6,2.58,74.7,1,3,9.0,5.7,70.2,Average
STU-1179,59.4,52.8,11.9,3.44,59.6,1,2,10.4,6.1,58.3,Average
STU-1180,86.8,54.2,12.2,2.17,67.7,0,2,14.0,10.0,63.4,Average
STU-1181,75.5,51.9,9.5,3.19,66.1,1,3,7.4,7.2,67.5,Average
STU-1182,85.5,73.9,18.8,2.97,69.0,1,3,5.8,7.4,70.9,Average
STU-1183,87.5,84.4,15.2,3.27,74.5,0,3,8.7,5.5,78.3,Good
STU-1184,83.9,63.5,9.3,2.92,77.6,0,3,13.1,4.8,66.2,Average
STU-1185,69.7,69.2,16.3,3.18,67.4,0,2,7.3,6.0,71.1,Average
STU-1186,63.6,60.8,9.9,2.72,58.0,0,1,4.2,8.7,47.7,At Risk
STU-1187,75.9,59.6,10.4,3.03,68.0,0,2,1.8,7.4,67.0,Average
STU-1188,39.7,62.8,12.3,3.27,56.0,0,2,3.1,7.7,60.7,Average
STU-1189,75.0,78.3,15.5,3.12,56.6,0,2,11.5,7.9,74.2,Average
STU-1190,76.6,64.2,11.1,3.22,70.1,0,3,6.7,6.3,73.6,Average
STU-1191,76.7,49.7,6.6,2.63,58.0,1,1,5.6,8.7,53.8,Average
STU-1192,72.3,61.7,10.2,2.78,63.3,0,3,5.1,6.2,62.5,Average
STU-1193,82.5,70.0,17.0,2.79,84.3,0,3,8.3,8.7,79.3,Good
STU-1194,55.7,51.9,17.5,2.93,52.1,1,1,7.0,7.5,62.8,Average
STU-1195,76.9,78.6,14.1,3.66,61.1,1,2,6.9,4.9,75.4,Good
STU-1196,75.8,65.3,10.5,2.89,48.8,1,2,13.4,6.1,65.9,Average
STU-1197,83.4,58.8,8.8,2.54,62.0,0,2,14.2,4.9,54.2,Average
STU-1198,79.5,61.6,12.1,3.29,78.9,1,2,1.6,8.4,72.4,Average
STU-1199,77.7,64.7,13.9,3.66,68.5,0,2,9.3,7.0,75.0,Good
STU-1200,70.0,53.8,11.1,2.48,51.1,1,2,4.9,4.3,46.7,At Risk
STU-1201,74.7,80.5,22.3,3.94,74.0,0,3,7.0,7.5,87.9,Good
STU-1202,96.0,69.7,11.2,3.24,64.3,0,2,9.2,6.4,73.9,Average
STU-1203,97.8,83.7,12.8,3.52,70.1,0,3,7.1,5.2,82.1,Good
STU-1204,91.0,87.7,17.0,3.71,83.6,0,3,8.9,9.0,91.0,Good
STU-1205,78.6,82.5,17.4,3.49,64.7,1,3,10.7,7.1,87.0,Good
STU-1206,74.2,54.2,9.2,3.0,70.8,0,2,9.2,6.6,58.7,Average
STU-1207,56.8,71.6,23.0,3.6,68.3,1,3,5.4,6.5,80.3,Good
STU-1208,83.1,73.1,12.4,3.16,71.3,0,2,5.5,5.2,77.4,Good
STU-1209,67.5,66.2,11.8,3.54,59.1,0,2,2.2,5.4,69.6,Average
STU-1210,51.9,67.1,11.8,3.59,58.9,1,2,4.6,8.5,67.5,Average
STU-1211,77.3,57.2,7.1,2.56,67.3,1,2,15.8,6.4,52.6,Average
STU-1212,97.2,97.0,18.9,3.41,88.8,0,3,4.8,7.0,96.3,Good
STU-1213,56.3,58.7,12.7,2.97,60.7,0,2,3.2,4.5,57.5,Average
STU-1214,80.5,79.6,17.6,3.11,73.7,0,3,9.3,5.4,83.7,Good
STU-1215,80.8,66.0,12.7,3.11,74.0,0,2,7.6,7.7,68.7,Average
STU-1216,78.2,71.7,17.4,3.09,71.2,0,3,7.2,7.5,66.8,Average
STU-1217,85.6,84.1,15.5,3.74,75.7,1,3,13.6,9.1,80.5,Good
STU-1218,62.1,61.3,12.0,2.44,56.4,0,1,10.2,8.6,55.6,Average
STU-1219,71.9,55.2,9.2,2.27,56.9,1,2,5.9,6.7,50.2,Average
STU-1220,80.0,51.9,8.3,2.18,58.4,0,2,6.3,7.6,51.8,Average
STU-1221,63.0,71.6,12.7,3.53,63.6,0,2,6.0,6.6,69.8,Average
STU-1222,63.1,45.4,13.8,2.7,71.7,1,1,11.5,9.5,53.6,Average
STU-1223,76.7,55.4,10.4,3.11,74.0,0,2,6.8,8.4,61.7,Average
STU-1224,70.8,67.4,15.1,3.0,57.0,0,2,0.8,7.2,62.3,Average
STU-1225,74.9,60.6,11.4,2.65,75.2,0,2,7.8,7.2,59.9,Average
STU-1226,90.8,83.8,17.2,3.43,78.0,1,2,1.9,8.7,83.4,Good
STU-1227,84.1,69.7,13.3,2.99,77.0,1,2,16.7,7.7,70.6,Average
STU-1228,70.0,69.1,17.3,2.94,62.0,0,2,4.1,8.9,66.5,Average
STU-1229,79.5,65.1,14.8,3.15,72.6,0,2,7.4,4.4,66.9,Average
STU-1230,56.2,64.6,14.7,3.37,61.1,0,2,9.0,7.6,68.9,Average
STU-1231,46.8,43.6,6.5,2.62,31.7,1,2,6.8,6.4,41.2,At Risk
STU-1232,75.1,84.7,19.8,3.44,79.9,0,3,6.8,9.1,88.4,Good
STU-1233,81.9,86.1,12.2,3.7,80.5,0,3,9.7,8.9,89.5,Good
STU-1234,88.8,58.6,6.8,2.41,65.6,0,3,14.1,7.0,61.2,Average
STU-1235,89.4,80.1,16.5,3.18,89.9,0,3,11.1,8.8,84.0,Good
STU-1236,89.3,59.6,12.3,2.91,72.4,0,3,13.9,9.1,68.8,Average
STU-1237,88.1,68.2,10.7,3.36,78.1,0,2,3.8,7.1,75.8,Good
STU-1238,71.3,48.8,8.8,2.5,42.0,0,1,9.3,10.0,47.8,At Risk
STU-1239,65.5,86.0,21.0,3.78,90.6,0,3,8.6,7.0,91.4,Good
STU-1240,70.1,50.5,10.2,2.33,72.8,0,2,9.4,6.7,53.7,Average
STU-1241,71.8,65.9,12.5,2.94,62.2,0,3,13.5,8.0,63.6,Average
STU-1242,80.0,64.7,11.8,3.25,52.4,0,3,7.1,6.6,72.0,Average
STU-1243,53.5,53.3,14.7,2.74,59.4,1,2,6.4,7.1,56.7,Average
STU-1244,90.4,65.4,10.9,2.67,61.2,1,3,10.1,8.7,67.1,Average
STU-1245,62.9,61.3,15.6,3.15,66.9,0,1,0.9,7.0,61.0,Average
STU-1246,66.1,55.9,10.9,3.08,62.7,1,3,7.1,5.0,63.1,Average
STU-1247,78.1,67.7,23.2,3.05,73.3,0,2,7.5,7.4,79.0,Good
STU-1248,74.9,77.3,20.5,3.44,84.8,0,2,4.3,6.2,84.6,Good
STU-1249,86.3,65.7,12.6,2.87,79.0,0,2,12.2,8.0,69.2,Average
STU-1250,51.7,55.3,14.8,3.19,64.0,0,1,3.8,7.8,60.3,Average
STU-1251,69.6,58.9,10.2,2.82,60.6,1,2,7.5,8.8,64.9,Average
STU-1252,92.9,72.7,13.8,2.67,66.3,1,2,9.2,8.1,71.1,Average
STU-1253,58.1,51.7,8.0,2.92,59.4,0,1,13.4,8.3,45.3,At Risk
STU-1254,67.0,72.7,19.4,2.83,68.0,0,2,8.0,6.2,74.9,Average
STU-1255,76.5,67.0,14.4,2.85,58.2,0,3,11.7,8.0,64.6,Average
STU-1256,78.4,70.1,12.7,3.57,79.2,0,3,10.8,9.4,72.7,Average
STU-1257,73.9,71.4,19.7,2.94,91.1,0,3,8.5,6.2,67.7,Average
STU-1258,84.5,78.5,21.1,2.75,81.5,0,3,3.6,9.2,81.1,Good
STU-1259,78.0,73.8,14.4,3.06,87.5,0,3,2.3,6.3,67.1,Average
STU-1260,53.8,61.1,11.0,3.1,53.5,0,1,8.4,6.0,52.6,Average
STU-1261,57.5,55.5,10.7,2.52,51.4,0,1,5.8,7.4,51.3,Average
STU-1262,79.0,62.9,14.3,2.92,65.6,0,2,11.7,7.9,68.7,Average
STU-1263,70.8,63.0,13.3,2.9,78.0,0,2,11.0,8.1,61.1,Average
STU-1264,86.7,68.5,10.0,2.97,63.4,1,2,7.3,5.8,68.0,Average
STU-1265,66.8,75.1,16.3,3.38,72.2,0,2,3.4,7.5,69.8,Average
STU-1266,86.6,81.6,17.9,3.11,74.6,0,3,10.0,6.2,78.5,Good
STU-1267,81.2,70.5,12.4,3.6,65.9,0,2,3.9,5.2,75.1,Good
STU-1268,93.8,63.0,10.0,3.04,81.8,0,2,5.0,5.9,66.4,Average
STU-1269,75.1,67.4,14.8,3.85,66.0,0,1,4.1,6.1,73.0,Average
STU-1270,85.5,66.5,11.3,2.84,67.3,0,2,7.4,7.6,59.5,Average
STU-1271,70.3,64.7,14.6,2.7,75.2,0,2,12.7,8.4,67.9,Average
STU-1272,42.4,54.2,18.7,3.3,68.5,1,1,8.0,5.2,63.6,Average
STU-1273,73.7,70.8,13.4,3.66,71.8,0,2,6.2,7.4,77.4,Good
STU-1274,64.5,54.4,10.8,2.43,53.2,1,2,1.9,5.6,58.4,Average
STU-1275,69.0,58.6,17.0,2.96,64.3,1,1,10.2,7.8,61.1,Average
STU-1276,44.5,66.9,22.5,2.78,62.1,0,2,4.9,6.3,61.5,Average
STU-1277,86.5,69.6,13.9,3.11,76.8,0,2,8.5,5.7,64.3,Average
STU-1278,95.4,81.3,13.8,3.05,71.1,0,2,6.6,8.0,90.6,Good
STU-1279,98.2,83.5,17.1,3.66,90.3,0,2,11.4,6.3,88.0,Good
STU-1280,77.3,57.6,11.8,3.0,67.4,1,2,7.4,6.6,68.8,Average
STU-1281,69.5,66.6,16.1,3.67,53.8,0,2,7.8,4.3,64.9,Average
STU-1282,90.8,62.6,8.1,2.91,62.2,0,3,9.9,8.1,69.1,Average
STU-1283,75.2,65.6,13.2,3.47,63.2,0,2,16.4,8.0,77.7,Good
STU-1284,84.5,71.2,15.2,3.15,74.1,0,2,11.6,7.0,73.2,Average
STU-1285,73.0,76.1,14.1,3.83,82.2,0,2,7.6,5.2,74.4,Average
STU-1286,63.6,53.1,13.3,2.39,62.8,0,2,8.0,8.5,52.0,Average
STU-1287,75.4,50.8,6.8,2.53,52.9,0,2,5.9,6.2,40.9,At Risk
STU-1288,85.8,75.4,19.8,3.87,82.7,0,3,4.2,6.5,87.6,Good
STU-1289,75.4,65.8,14.6,2.72,66.2,0,3,5.8,9.8,69.2,Average
STU-1290,83.0,77.6,22.5,2.75,85.2,1,3,4.9,6.2,80.9,Good
STU-1291,84.9,72.3,10.1,2.66,73.5,0,3,10.6,7.9,65.7,Average
STU-1292,79.2,69.8,15.3,3.57,81.6,0,2,3.7,7.7,78.6,Good
STU-1293,87.2,59.8,17.2,2.49,78.4,0,3,13.3,7.5,69.7,Average
STU-1294,82.5,81.3,18.9,3.06,91.2,0,2,11.0,7.3,72.8,Average
STU-1295,75.9,71.5,16.5,2.93,78.8,0,2,8.1,7.5,71.1,Average
STU-1296,94.3,74.9,16.3,3.52,75.8,0,3,8.0,7.3,93.3,Good
STU-1297,49.8,51.1,18.4,2.8,77.1,0,2,5.8,6.9,51.8,Average
STU-1298,64.5,90.0,27.9,3.24,81.6,1,3,9.1,8.8,84.9,Good
STU-1299,84.2,71.4,12.8,2.52,65.0,1,3,12.4,5.4,76.6,Good
STU-1300,95.5,75.0,17.4,4.0,96.6,0,2,5.2,8.2,93.6,Good
STU-1301,70.5,64.0,15.2,2.94,83.6,0,2,1.9,8.0,64.2,Average
STU-1302,77.4,76.3,13.6,3.05,68.6,0,3,10.8,7.8,73.3,Average
STU-1303,60.3,63.8,15.4,3.79,57.6,1,2,9.3,8.3,72.0,Average
STU-1304,86.1,67.0,15.2,2.79,74.2,0,3,3.5,6.9,67.3,Average
STU-1305,87.4,78.4,14.9,3.8,81.7,0,3,5.1,4.8,83.8,Good
STU-1306,84.7,63.7,14.2,2.86,83.8,0,2,4.6,6.9,67.0,Average
STU-1307,79.6,56.8,10.7,3.35,71.2,0,2,5.1,5.8,66.0,Average
STU-1308,89.8,83.8,19.5,2.79,83.6,1,2,6.7,6.1,78.6,Good
STU-1309,78.9,45.4,8.1,2.44,75.1,1,2,6.9,5.5,47.7,At Risk
STU-1310,79.1,66.0,10.5,3.24,63.6,1,2,5.4,6.4,68.7,Average
STU-1311,78.3,84.0,19.9,3.34,85.2,1,2,5.0,6.3,91.9,Good
STU-1312,79.9,57.8,17.1,2.46,72.2,0,2,7.1,4.1,60.0,Average
STU-1313,66.6,54.9,13.4,2.91,66.2,0,3,8.7,7.8,59.3,Average
STU-1314,63.5,73.7,15.1,3.59,62.1,1,3,6.7,9.7,79.1,Good
STU-1315,51.8,59.5,13.2,3.32,53.9,1,2,12.6,7.7,61.3,Average
STU-1316,60.1,52.0,13.1,2.87,55.8,1,1,10.0,6.8,63.5,Average
STU-1317,78.2,70.7,11.6,2.78,77.7,0,3,1.6,6.9,67.3,Average
STU-1318,79.1,84.8,16.4,3.93,67.3,0,3,10.1,6.5,89.1,Good
STU-1319,49.4,40.9,7.7,2.4,40.5,1,2,10.4,7.1,37.8,At Risk
STU-1320,61.0,51.0,9.9,3.02,72.4,1,2,6.3,7.0,59.5,Average
STU-1321,65.2,49.4,10.3,2.39,66.0,0,2,2.0,6.0,50.8,Average
STU-1322,67.9,69.6,16.4,3.64,47.9,0,2,8.0,9.0,72.1,Average
STU-1323,57.8,52.1,10.9,3.05,50.3,0,2,8.0,5.2,52.2,Average
STU-1324,64.7,62.1,11.6,3.13,45.0,0,2,3.5,7.9,57.6,Average
STU-1325,71.0,67.1,18.0,4.0,63.0,0,2,2.2,6.9,79.3,Good
STU-1326,86.9,50.2,9.3,2.78,43.8,0,3,7.6,9.3,60.5,Average
STU-1327,54.9,73.0,20.8,3.84,64.1,1,2,7.1,7.4,78.4,Good
STU-1328,80.0,62.3,14.1,2.87,61.8,0,2,6.3,6.6,66.0,Average
STU-1329,38.9,39.8,10.4,2.94,44.4,0,1,7.7,6.7,41.9,At Risk
STU-1330,72.0,66.6,19.0,4.0,59.4,1,2,3.6,7.0,81.0,Good
STU-1331,91.8,68.4,10.3,2.98,73.5,0,3,6.3,5.6,69.5,Average
STU-1332,38.3,41.7,13.3,2.43,43.7,0,1,10.1,6.1,39.9,At Risk
STU-1333,71.4,67.5,11.3,3.18,74.8,0,3,6.6,4.9,79.0,Good
STU-1334,88.0,70.9,12.2,2.97,84.3,0,2,1.3,5.9,72.4,Average
STU-1335,87.9,73.7,14.2,3.22,81.7,0,3,6.1,7.1,79.9,Good
STU-1336,52.0,68.2,19.4,2.99,59.3,0,1,3.7,7.4,65.4,Average
STU-1337,79.5,72.1,15.1,4.0,87.7,0,1,9.1,4.6,77.9,Good
STU-1338,74.0,66.1,11.8,3.3,52.4,0,2,9.3,6.8,71.7,Average
STU-1339,57.0,33.0,7.3,2.57,38.9,1,1,1.4,7.7,38.5,At Risk
STU-1340,60.1,64.5,22.0,3.11,68.8,1,1,11.0,6.8,74.5,Average
STU-1341,70.7,52.9,11.5,2.69,80.7,0,1,3.6,6.2,54.2,Average
STU-1342,81.4,75.9,16.9,2.94,73.4,1,2,14.2,6.5,71.5,Average
STU-1343,77.6,57.0,9.5,2.64,62.6,1,3,7.8,6.4,61.8,Average
STU-1344,56.4,66.0,15.8,4.0,48.4,1,2,3.0,6.2,68.7,Average
STU-1345,38.4,37.3,11.4,2.74,52.4,0,1,3.4,7.2,42.8,At Risk
STU-1346,76.4,68.9,14.3,3.36,76.8,0,2,9.4,9.8,67.2,Average
STU-1347,79.5,64.0,14.8,2.9,77.8,0,2,6.4,6.1,66.0,Average
STU-1348,90.8,66.0,10.8,2.53,67.9,0,2,7.6,6.6,57.4,Average
STU-1349,45.2,43.7,12.2,3.14,43.8,1,1,14.5,6.9,62.0,Average
STU-1350,59.9,77.8,22.6,3.23,59.7,0,2,5.2,6.2,67.6,Average
STU-1351,86.8,60.6,11.7,3.3,72.5,0,2,8.2,8.3,69.0,Average
STU-1352,87.0,44.0,5.5,1.87,55.8,0,2,13.7,4.2,46.0,At Risk
STU-1353,94.6,71.1,8.1,2.49,62.3,0,3,9.1,6.4,69.2,Average
STU-1354,49.1,59.1,17.6,3.48,54.7,0,2,1.6,8.0,67.7,Average
STU-1355,82.4,55.4,12.7,2.63,66.6,1,2,10.0,6.6,60.7,Average
STU-1356,80.1,68.2,12.9,3.14,65.2,0,2,3.3,6.0,74.5,Average
STU-1357,93.4,59.2,7.9,2.48,74.6,1,3,13.6,7.5,66.9,Average
STU-1358,51.7,54.1,14.9,3.38,56.9,0,2,4.7,8.1,61.1,Average
STU-1359,72.7,66.9,18.2,3.47,69.5,0,1,19.9,7.3,73.5,Average
STU-1360,83.0,98.0,21.4,3.38,82.8,0,2,13.9,6.0,88.7,Good
STU-1361,82.5,69.7,13.3,3.51,63.4,1,2,4.8,7.5,71.8,Average
STU-1362,70.0,60.2,15.6,3.75,68.1,1,2,8.1,6.5,78.8,Good
STU-1363,89.4,74.5,12.1,2.52,74.9,0,2,11.0,7.9,73.0,Average
STU-1364,49.1,47.7,10.2,2.7,37.2,0,1,11.1,8.8,40.5,At Risk
STU-1365,47.3,49.9,11.5,3.45,57.8,0,1,9.8,4.0,50.7,Average
STU-1366,79.2,66.6,14.8,3.56,64.3,0,2,13.0,7.1,72.8,Average
STU-1367,74.9,60.4,8.6,2.75,62.2,0,2,7.5,4.9,57.2,Average
STU-1368,85.8,69.5,15.3,2.72,84.9,0,2,6.5,9.9,70.3,Average
STU-1369,77.6,49.8,10.7,2.76,72.9,1,1,6.6,6.4,61.6,Average
STU-1370,65.4,60.1,9.5,2.33,57.6,1,2,11.4,7.9,50.5,Average
STU-1371,92.2,58.4,8.3,2.48,67.8,0,3,9.5,7.0,56.7,Average
STU-1372,75.1,66.4,10.4,2.49,71.4,0,2,9.2,6.0,64.6,Average
STU-1373,70.3,75.7,17.7,2.92,75.3,1,3,11.2,5.9,73.0,Average
STU-1374,96.7,75.1,17.9,3.17,79.7,1,3,0.0,8.9,78.6,Good
STU-1375,55.8,60.2,11.1,3.25,47.7,1,3,9.2,8.1,59.9,Average
STU-1376,73.5,47.9,7.1,2.82,42.4,0,2,8.9,9.3,49.5,At Risk
STU-1377,83.1,53.4,11.5,2.83,70.7,1,1,14.7,7.1,67.8,Average
STU-1378,72.6,60.4,12.3,3.11,64.0,0,2,1.9,7.3,67.3,Average
STU-1379,63.8,52.0,8.9,2.38,64.9,0,2,14.2,6.7,53.8,Average
STU-1380,86.2,71.5,13.3,3.48,76.2,0,2,8.3,6.7,79.3,Good
STU-1381,67.6,65.5,12.7,3.63,73.1,1,2,10.0,5.7,76.0,Good
STU-1382,88.2,87.3,23.2,2.77,80.8,1,3,14.7,7.1,82.6,Good
STU-1383,58.1,67.2,20.9,2.87,76.1,1,2,10.2,6.1,68.7,Average
STU-1384,80.2,67.8,14.3,3.61,67.0,0,2,9.6,7.5,70.2,Average
STU-1385,65.7,65.0,13.1,2.99,68.1,1,2,9.0,7.2,64.3,Average
STU-1386,82.1,75.9,18.0,3.31,65.1,0,3,6.1,7.3,81.8,Good
STU-1387,89.5,56.3,13.2,3.01,76.9,0,3,7.9,9.0,68.9,Average
STU-1388,73.6,72.4,14.7,3.75,52.2,0,2,5.1,7.0,80.3,Good
STU-1389,75.9,65.9,10.7,3.27,62.4,0,2,7.8,7.9,61.6,Average
STU-1390,42.1,53.5,14.1,3.3,53.6,1,1,0.0,9.5,58.6,Average
STU-1391,52.2,58.5,11.1,3.3,47.9,0,1,9.7,8.6,50.8,Average
STU-1392,81.5,64.9,16.8,2.8,66.6,0,1,7.5,8.4,66.7,Average
STU-1393,77.2,65.3,11.9,2.84,73.5,0,2,6.7,6.6,67.3,Average
STU-1394,93.0,70.7,16.4,3.4,80.0,0,3,8.9,7.3,79.7,Good
STU-1395,84.9,70.4,12.2,3.11,67.4,0,3,2.3,5.4,73.9,Average
STU-1396,65.5,68.3,13.8,2.52,62.9,0,2,15.7,7.6,55.9,Average
STU-1397,69.5,68.9,14.9,3.89,87.2,0,2,7.6,7.3,69.9,Average
STU-1398,75.9,69.3,15.9,3.49,80.1,1,1,7.4,7.0,77.8,Good
STU-1399,68.6,57.5,11.9,3.07,71.3,1,2,4.1,8.2,70.7,Average
STU-1400,92.8,71.3,11.7,2.93,78.6,1,2,8.1,5.6,68.9,Average
STU-1401,64.4,59.6,17.2,3.14,67.4,1,1,13.5,9.0,71.1,Average
STU-1402,84.9,69.3,11.9,3.28,51.8,0,2,12.1,8.1,70.0,Average
STU-1403,85.7,62.1,10.1,2.14,63.8,0,3,11.4,6.9,52.2,Average
STU-1404,60.7,81.5,22.9,4.0,67.0,0,2,10.2,6.8,79.2,Good
STU-1405,62.3,45.2,15.0,2.69,47.3,0,2,6.6,7.6,52.4,Average
STU-1406,75.0,66.8,11.2,3.05,55.4,0,2,2.2,8.8,62.5,Average
STU-1407,72.8,69.2,14.8,3.07,52.0,0,2,7.2,7.1,61.6,Average
STU-1408,79.9,79.9,13.2,3.95,69.5,0,2,7.1,7.2,74.0,Average
STU-1409,58.1,64.4,16.8,3.01,68.7,0,2,12.2,7.0,60.6,Average
STU-1410,52.6,85.0,30.2,3.76,84.0,1,1,9.2,9.1,83.6,Good
STU-1411,74.1,74.7,14.8,3.23,71.8,0,3,14.4,6.6,73.9,Average
STU-1412,83.5,80.2,17.0,2.62,68.6,0,2,12.8,7.0,70.1,Average
STU-1413,81.6,56.1,9.9,3.11,51.3,0,3,6.2,8.8,63.6,Average
STU-1414,69.6,62.2,10.1,3.0,46.3,0,3,0.8,7.2,65.1,Average
STU-1415,44.2,39.7,9.7,2.56,35.8,0,1,13.5,8.4,40.1,At Risk
STU-1416,64.0,59.2,13.2,3.21,53.9,0,2,13.4,5.9,61.3,Average
STU-1417,83.7,60.6,14.1,3.06,71.7,1,2,2.5,6.8,73.6,Average
STU-1418,90.6,70.2,12.4,3.3,66.6,1,2,14.0,8.8,71.3,Average
STU-1419,48.2,48.4,13.8,3.14,55.8,0,1,9.5,6.2,51.7,Average
STU-1420,91.8,69.9,15.5,2.76,77.2,0,3,8.6,6.8,72.2,Average
STU-1421,86.7,70.6,16.3,3.4,77.3,0,3,14.5,7.3,73.5,Average
STU-1422,89.8,64.5,10.6,2.77,81.2,0,3,13.4,5.8,65.6,Average
STU-1423,75.7,46.3,10.1,1.8,54.3,0,2,10.6,6.5,35.7,At Risk
STU-1424,77.9,66.2,12.0,3.11,70.6,0,2,9.9,7.1,75.1,Good
STU-1425,89.8,58.3,12.1,2.8,73.8,0,2,10.5,7.1,60.6,Average
STU-1426,67.4,58.9,17.3,3.22,65.2,1,2,6.4,8.5,75.2,Good
STU-1427,93.4,88.5,16.4,3.95,88.1,0,3,7.8,8.8,92.9,Good
STU-1428,77.0,71.0,14.0,3.96,76.2,0,2,4.4,6.0,80.9,Good
STU-1429,89.0,75.4,12.8,2.98,66.7,1,2,6.7,7.1,71.9,Average
STU-1430,89.1,71.4,14.9,2.68,75.4,1,3,6.5,7.8,74.4,Average
STU-1431,40.2,61.3,18.2,3.31,56.2,0,1,5.5,8.8,62.9,Average
STU-1432,84.6,71.1,9.5,2.88,65.7,1,2,8.5,7.9,70.7,Average
STU-1433,68.0,66.1,16.4,3.23,71.8,0,2,6.7,7.3,72.4,Average
STU-1434,52.3,45.6,10.9,2.75,54.1,1,1,10.0,7.8,47.1,At Risk
STU-1435,73.4,80.9,19.8,3.16,88.8,0,2,1.5,7.8,76.9,Good
STU-1436,91.7,64.2,8.3,2.68,58.2,0,3,7.5,5.9,56.6,Average
STU-1437,70.5,72.1,17.9,3.58,69.3,0,2,8.5,7.2,78.3,Good
STU-1438,85.5,71.3,10.7,2.78,62.6,0,2,6.8,8.8,70.5,Average
STU-1439,78.9,67.9,12.6,3.35,73.3,0,2,7.3,6.8,77.6,Good
STU-1440,59.8,52.3,14.2,2.48,47.0,0,1,1.7,7.2,51.4,Average
STU-1441,98.3,86.7,19.1,3.4,89.8,0,3,9.4,6.7,87.0,Good
STU-1442,82.1,49.9,6.9,2.62,58.4,1,3,10.6,4.2,46.9,At Risk
STU-1443,95.2,80.1,17.4,3.17,77.4,0,3,10.0,7.0,87.1,Good
STU-1444,60.7,70.9,14.8,3.51,49.6,0,1,12.2,7.4,59.8,Average
STU-1445,57.5,57.2,12.6,2.96,53.0,0,1,8.8,6.4,53.7,Average
STU-1446,86.3,60.5,7.8,2.59,75.5,1,2,9.9,5.6,60.4,Average
STU-1447,85.5,74.4,16.2,3.27,76.3,0,3,8.6,5.9,78.1,Good
STU-1448,75.3,76.9,23.0,2.67,84.0,1,2,10.8,7.9,76.7,Good
STU-1449,88.5,72.6,10.6,2.87,84.7,0,2,1.7,9.4,70.2,Average
STU-1450,68.4,73.7,18.6,3.17,72.1,0,2,4.4,8.7,62.9,Average
STU-1451,54.9,61.4,15.7,3.66,54.6,1,2,14.3,5.4,68.6,Average
STU-1452,55.8,56.4,11.6,3.06,58.3,0,1,0.0,8.0,45.7,At Risk
STU-1453,83.7,66.5,9.6,3.06,63.2,0,2,7.4,6.2,68.8,Average
STU-1454,55.6,61.2,20.4,3.38,61.0,0,1,12.7,6.3,64.2,Average
STU-1455,93.4,72.9,13.4,3.07,65.3,0,3,7.6,6.4,65.8,Average
STU-1456,83.7,59.1,12.9,3.34,78.9,0,2,6.4,7.8,66.1,Average
STU-1457,88.0,78.9,14.3,3.54,72.5,0,3,8.5,8.2,79.0,Good
STU-1458,93.5,78.4,14.9,2.9,80.8,0,3,6.6,6.9,82.6,Good
STU-1459,76.6,48.6,6.0,1.8,51.0,1,3,8.1,6.9,46.4,At Risk
STU-1460,65.8,49.8,8.8,2.68,60.2,1,2,5.3,7.6,54.5,Average
STU-1461,55.8,63.9,15.0,3.59,52.6,0,2,12.4,7.7,71.3,Average
STU-1462,80.4,74.4,12.4,3.03,68.0,0,2,13.7,8.4,69.5,Average
STU-1463,61.8,65.1,11.8,2.9,65.2,0,2,7.5,5.5,63.4,Average
STU-1464,57.5,63.2,14.1,3.58,64.9,0,2,2.5,7.0,69.6,Average
STU-1465,60.5,64.7,18.1,3.0,64.8,1,2,5.9,5.7,62.0,Average
STU-1466,82.3,78.2,23.9,2.11,69.8,0,3,7.3,6.9,77.9,Good
STU-1467,72.0,44.3,7.2,2.37,82.2,0,2,10.0,6.7,42.3,At Risk
STU-1468,70.1,59.6,9.5,3.24,73.9,0,2,4.0,6.9,66.4,Average
STU-1469,57.6,63.9,12.1,3.02,62.0,0,2,4.9,6.0,53.5,Average
STU-1470,65.1,68.9,11.7,3.7,53.8,0,3,10.0,5.2,73.0,Average
STU-1471,85.4,62.0,7.9,2.72,65.5,0,2,11.8,4.5,66.5,Average
STU-1472,49.7,39.1,10.8,2.91,45.9,1,2,5.5,6.8,47.1,At Risk
STU-1473,81.8,66.3,13.7,2.65,81.5,0,2,2.7,6.5,64.7,Average
STU-1474,90.9,64.3,11.2,2.82,75.5,1,3,21.1,6.2,72.6,Average
STU-1475,81.4,50.3,4.6,2.2,54.0,1,3,11.1,8.6,48.9,At Risk
STU-1476,62.3,49.7,11.4,2.88,54.2,1,2,6.9,6.0,63.2,Average
STU-1477,81.7,61.7,12.3,3.03,78.7,1,2,11.5,8.7,69.3,Average
STU-1478,63.4,47.0,12.1,2.99,72.2,0,1,7.5,8.9,53.1,Average
STU-1479,69.9,90.8,21.7,4.0,86.7,1,2,11.5,4.7,89.6,Good
STU-1480,76.4,80.1,20.2,3.88,82.3,0,2,8.6,7.1,82.0,Good
STU-1481,76.4,61.2,11.7,2.71,64.0,0,3,8.4,6.5,59.3,Average
STU-1482,83.5,63.9,18.8,2.13,52.6,0,2,7.5,4.0,57.5,Average
STU-1483,66.4,52.0,11.3,3.01,62.5,0,2,2.2,5.3,55.2,Average
STU-1484,62.5,53.0,13.3,3.22,60.3,1,2,15.8,7.9,59.2,Average
STU-1485,90.9,60.2,11.1,2.66,74.4,0,2,4.2,9.4,72.2,Average
STU-1486,79.8,52.8,7.9,2.69,63.8,0,3,2.6,8.1,52.4,Average
STU-1487,87.3,81.0,16.1,3.76,66.7,0,1,7.1,7.4,82.5,Good
STU-1488,88.6,60.1,8.7,2.93,73.6,1,2,4.2,7.0,68.0,Average
STU-1489,52.0,67.0,12.4,3.35,58.5,0,1,7.8,9.0,63.9,Average
STU-1490,87.5,71.7,11.5,2.63,77.4,1,2,10.8,9.6,68.7,Average
STU-1491,75.0,65.9,9.6,3.02,70.3,0,2,12.0,6.3,62.6,Average
STU-1492,92.4,71.8,13.4,2.9,81.7,0,3,11.3,4.6,74.6,Average
STU-1493,65.7,61.6,9.4,2.75,54.1,0,2,6.8,4.5,55.5,Average
STU-1494,99.3,80.4,14.2,3.57,81.1,0,3,8.2,8.6,84.4,Good
STU-1495,75.5,58.0,12.0,2.43,66.7,0,2,9.6,6.9,50.3,Average
STU-1496,67.0,63.6,13.3,3.19,63.7,0,1,1.0,7.2,61.3,Average
STU-1497,84.2,73.2,13.3,2.89,80.3,0,3,10.3,4.9,67.1,Average
STU-1498,64.6,69.0,15.4,3.24,69.2,0,2,2.2,6.1,65.7,Average
STU-1499,53.8,51.8,12.0,2.9,70.6,1,1,16.2,6.6,54.9,Average
STU-1500,89.5,77.9,16.0,3.44,96.1,0,3,6.4,7.2,85.1,Good
STU-1501,83.6,63.8,9.1,2.63,67.5,0,3,7.3,6.5,69.6,Average
STU-1502,65.3,69.5,17.1,3.57,35.7,0,3,4.9,5.8,69.8,Average
STU-1503,93.6,71.1,12.2,3.04,86.0,0,3,5.5,6.1,78.0,Good
STU-1504,85.1,57.2,15.7,2.45,71.3,0,3,17.1,8.4,65.0,Average
STU-1505,55.5,58.3,14.8,3.36,51.9,0,2,11.8,7.3,67.3,Average
STU-1506,87.6,70.1,10.9,2.96,68.1,0,2,1.8,7.7,70.7,Average
STU-1507,83.6,69.9,11.3,2.28,66.0,0,3,14.0,5.9,58.2,Average
STU-1508,91.7,75.3,19.4,3.2,88.6,0,3,12.8,4.0,72.7,Average
STU-1509,72.4,63.6,13.6,3.5,53.7,1,3,6.9,6.4,73.2,Average
STU-1510,71.1,65.2,13.8,3.63,57.0,0,2,9.2,6.0,68.1,Average
STU-1511,77.0,65.3,7.4,2.88,64.0,1,3,7.9,7.4,59.7,Average
STU-1512,68.2,63.4,13.7,3.12,68.9,0,2,15.9,10.0,59.7,Average
STU-1513,75.2,59.0,12.1,3.07,71.0,0,1,4.8,7.8,62.8,Average
STU-1514,72.5,77.8,17.8,3.72,64.9,0,3,8.6,10.0,87.3,Good
STU-1515,76.3,58.7,13.3,2.69,60.1,0,2,6.3,7.7,58.5,Average
STU-1516,80.0,51.5,8.7,2.84,60.4,1,3,2.3,6.2,62.5,Average
STU-1517,65.0,53.8,14.8,2.67,65.4,1,2,16.8,7.4,58.7,Average
STU-1518,96.0,74.2,7.9,2.4,84.2,0,3,3.3,9.1,61.6,Average
STU-1519,90.2,71.2,12.1,3.16,57.8,0,3,8.9,9.2,75.9,Good
STU-1520,78.4,78.4,17.4,3.77,72.2,0,3,1.0,6.3,78.8,Good
STU-1521,50.9,45.3,9.7,2.96,39.0,0,2,6.4,7.3,47.7,At Risk
STU-1522,87.6,62.0,9.4,2.65,56.2,0,3,9.7,5.3,60.5,Average
STU-1523,64.5,59.7,10.3,3.13,65.6,0,1,4.7,8.0,62.3,Average
STU-1524,96.8,85.9,18.1,3.32,89.3,0,3,10.3,8.9,83.6,Good
STU-1525,74.3,62.9,11.5,2.98,68.3,0,2,6.9,7.0,64.9,Average
STU-1526,63.2,70.4,12.6,3.68,67.2,0,2,12.6,6.2,67.1,Average
STU-1527,69.1,52.0,8.2,2.68,54.0,0,1,13.4,7.4,48.1,At Risk
STU-1528,75.3,60.3,15.5,2.92,66.6,0,2,5.7,7.5,49.6,At Risk
STU-1529,76.0,62.8,11.2,3.18,82.7,0,3,8.3,7.1,76.7,Good
STU-1530,63.4,47.7,12.3,3.23,57.7,1,2,8.7,7.2,61.7,Average
STU-1531,80.8,80.7,13.2,3.07,76.2,0,3,10.5,6.8,72.1,Average
STU-1532,81.6,63.1,9.4,2.47,66.2,0,2,8.1,8.2,53.8,Average
STU-1533,51.9,55.2,13.2,4.0,39.6,1,1,8.8,7.9,62.3,Average
STU-1534,85.5,66.4,14.7,2.94,58.3,1,3,7.0,5.8,74.9,Average
STU-1535,70.1,57.4,12.4,3.1,58.8,0,2,8.5,5.8,53.4,Average
STU-1536,63.8,75.1,15.2,3.33,71.8,0,3,13.2,6.7,72.3,Average
STU-1537,75.3,56.2,14.3,2.76,74.9,0,2,10.6,7.9,69.1,Average
STU-1538,80.2,63.6,8.8,3.08,72.0,0,2,10.8,7.2,59.4,Average
STU-1539,43.1,47.0,14.3,2.75,43.0,1,1,10.9,6.2,48.9,At Risk
STU-1540,94.3,98.0,26.8,3.24,100.0,0,3,7.4,7.3,99.0,Good
STU-1541,60.5,56.0,13.8,2.93,52.1,0,2,9.3,6.6,60.1,Average
STU-1542,75.1,63.1,19.1,3.17,75.9,0,2,3.7,8.1,72.1,Average
STU-1543,72.8,59.9,14.6,2.58,67.5,1,2,13.1,7.4,64.4,Average
STU-1544,84.2,60.5,13.8,2.68,71.5,0,3,0.0,6.6,63.7,Average
STU-1545,85.5,67.7,14.2,2.44,84.8,0,2,7.7,7.3,71.3,Average
STU-1546,80.2,76.2,16.4,2.73,68.1,0,2,12.6,8.6,68.9,Average
STU-1547,38.3,25.1,12.8,1.89,35.6,0,1,2.5,6.3,19.7,At Risk
STU-1548,51.3,42.8,9.3,2.91,49.5,1,1,9.6,7.5,45.7,At Risk
STU-1549,81.3,65.6,16.2,2.81,71.0,0,3,5.3,6.9,65.4,Average
STU-1550,72.6,65.1,12.5,3.12,91.9,0,2,6.5,7.5,66.4,Average
STU-1551,77.9,78.2,18.4,3.07,80.3,0,3,11.8,6.2,76.9,Good
STU-1552,81.4,76.4,17.3,3.62,72.3,0,2,8.8,7.1,85.5,Good
STU-1553,84.9,80.2,14.2,4.0,65.3,0,2,0.0,8.3,86.2,Good
STU-1554,87.2,79.4,21.4,3.56,68.6,0,2,4.1,5.9,86.2,Good
STU-1555,71.2,57.2,9.9,2.85,52.8,0,1,11.9,5.4,55.3,Average
STU-1556,71.4,63.2,11.0,2.83,63.4,0,2,9.8,5.5,56.0,Average
STU-1557,70.5,75.2,22.4,3.44,87.1,0,2,15.0,5.6,71.2,Average
STU-1558,78.0,61.5,10.0,2.29,73.9,0,3,14.7,7.7,58.4,Average
STU-1559,85.5,66.6,11.3,2.91,72.4,1,3,6.6,5.3,73.6,Average
STU-1560,82.9,72.1,12.2,2.94,67.6,0,2,18.0,6.6,68.2,Average
STU-1561,95.7,75.5,13.0,3.31,80.4,0,3,8.1,7.7,77.3,Good
STU-1562,69.9,71.8,17.3,3.33,65.1,0,1,4.1,7.5,73.2,Average
STU-1563,96.1,69.8,10.4,2.71,89.1,0,3,5.5,6.5,70.3,Average
STU-1564,57.5,52.7,12.0,2.86,54.5,0,1,0.0,7.2,59.4,Average
STU-1565,66.5,67.6,16.0,3.25,65.1,1,2,14.4,7.1,75.9,Good
STU-1566,43.8,47.5,13.0,2.69,32.0,1,1,14.4,6.7,50.5,Average
STU-1567,61.7,55.9,13.4,3.59,58.5,0,2,3.9,6.7,67.4,Average
STU-1568,84.8,86.5,17.3,3.32,84.1,0,2,7.1,9.7,77.5,Good
STU-1569,74.1,50.8,11.8,3.13,56.4,1,2,8.4,8.0,64.4,Average
STU-1570,85.9,63.7,11.1,3.23,64.6,0,2,4.2,10.0,69.7,Average
STU-1571,77.8,58.1,8.1,2.84,68.9,0,2,1.0,6.4,61.1,Average
STU-1572,52.4,49.9,11.1,2.77,40.3,1,1,7.2,6.9,51.5,Average
STU-1573,72.4,66.5,8.4,2.86,68.4,0,2,6.7,5.4,62.5,Average
STU-1574,91.0,60.4,11.7,3.27,69.8,1,2,6.4,6.0,82.7,Good
STU-1575,78.8,63.9,13.3,3.14,66.2,0,2,8.9,9.3,67.1,Average
STU-1576,76.6,54.3,16.8,2.86,63.3,0,2,13.7,6.4,67.2,Average
STU-1577,81.2,71.8,13.6,3.39,74.0,0,3,6.8,9.3,73.5,Average
STU-1578,51.9,52.9,9.2,2.97,69.3,1,2,8.7,5.5,58.0,Average
STU-1579,68.4,66.9,11.2,2.74,67.3,0,2,10.9,5.7,64.6,Average
STU-1580,75.2,71.6,18.0,3.16,66.0,0,2,10.2,6.6,74.4,Average
STU-1581,65.9,60.1,10.0,2.59,67.3,0,2,5.5,6.9,62.4,Average
STU-1582,68.8,61.1,15.3,2.29,63.7,0,2,8.4,8.1,53.5,Average
STU-1583,89.3,70.0,12.9,3.05,85.6,0,3,10.2,7.5,71.9,Average
STU-1584,51.8,45.3,14.3,2.75,62.1,1,2,3.5,6.5,54.0,Average
STU-1585,92.5,70.0,13.2,2.94,53.2,0,3,13.1,6.8,75.0,Good
STU-1586,92.2,62.8,16.4,2.61,72.4,0,2,13.7,6.6,68.7,Average
STU-1587,89.8,98.0,25.9,3.59,98.0,0,3,5.1,5.9,99.0,Good
STU-1588,40.5,41.6,10.2,2.75,45.7,0,1,8.8,5.9,38.4,At Risk
STU-1589,65.7,64.0,12.6,2.86,53.1,0,2,10.6,8.2,55.2,Average
STU-1590,89.5,76.1,18.5,3.22,76.4,1,3,5.8,4.8,83.9,Good
STU-1591,88.2,62.0,11.0,2.43,56.5,0,1,9.9,8.9,57.9,Average
STU-1592,82.4,54.6,6.1,2.4,61.9,0,2,8.7,6.6,54.5,Average
STU-1593,69.8,65.7,12.8,3.22,81.4,0,2,2.1,6.1,67.3,Average
STU-1594,73.1,60.1,12.9,2.85,72.1,0,3,9.8,7.9,62.2,Average
STU-1595,74.4,72.3,18.2,2.64,90.3,0,3,3.6,8.8,71.3,Average
STU-1596,56.4,55.7,14.5,3.32,65.5,0,2,11.8,8.3,61.8,Average
STU-1597,77.8,51.3,8.9,2.68,71.7,0,2,5.3,7.6,54.2,Average
STU-1598,75.3,73.8,13.3,2.93,83.2,1,3,7.4,8.3,72.0,Average
STU-1599,76.6,72.3,17.5,2.65,76.1,1,2,13.5,4.9,69.1,Average
STU-1600,94.5,73.4,11.8,3.19,74.6,0,3,10.0,6.4,79.6,Good
STU-1601,74.2,82.2,14.2,3.65,76.1,0,3,3.7,5.9,81.3,Good
STU-1602,76.2,50.7,7.4,2.21,72.4,1,2,3.9,8.5,60.8,Average
STU-1603,78.8,70.2,10.0,3.1,61.5,0,2,5.6,6.5,67.0,Average
STU-1604,65.7,66.2,14.9,3.44,58.2,0,2,9.6,8.0,66.1,Average
STU-1605,88.5,61.7,11.9,2.86,74.1,1,3,9.4,7.6,80.6,Good
STU-1606,84.2,68.5,6.8,2.54,71.1,0,3,4.6,6.0,63.3,Average
STU-1607,92.1,79.2,11.6,3.24,81.0,1,3,3.3,6.3,84.4,Good
STU-1608,81.0,72.1,15.6,3.5,61.9,1,3,9.1,8.6,81.6,Good
STU-1609,97.4,90.5,17.3,3.45,99.6,1,1,7.3,6.1,92.9,Good
STU-1610,96.0,78.2,17.5,3.21,78.7,0,3,16.6,7.1,85.1,Good
STU-1611,81.2,76.4,16.1,3.09,71.9,0,3,8.1,6.1,71.3,Average
STU-1612,95.5,52.8,11.2,2.65,68.7,1,3,15.3,6.6,66.5,Average
STU-1613,78.0,64.3,11.3,3.44,88.0,1,2,3.3,6.9,66.9,Average
STU-1614,65.0,70.4,13.9,3.41,64.4,0,2,1.7,6.1,68.5,Average
STU-1615,52.1,38.1,6.1,2.54,39.2,0,2,3.5,5.8,35.6,At Risk
STU-1616,88.0,75.9,14.3,3.21,82.5,1,3,12.8,7.3,81.5,Good
STU-1617,84.1,63.3,12.4,3.34,77.3,1,2,15.0,6.0,74.0,Average
STU-1618,91.6,83.4,10.5,3.45,71.5,0,3,4.9,6.0,82.1,Good
STU-1619,86.5,79.1,14.1,3.02,81.2,0,3,6.2,5.9,77.9,Good
STU-1620,50.8,53.5,17.5,2.66,52.3,1,1,3.3,6.9,52.4,Average
STU-1621,64.4,48.6,8.3,2.82,51.4,0,1,0.8,8.1,48.0,At Risk
STU-1622,84.5,68.2,12.6,2.6,55.5,0,3,10.9,8.8,69.1,Average
STU-1623,97.6,83.4,11.7,3.03,67.1,0,3,8.9,6.1,82.5,Good
STU-1624,97.7,78.5,10.3,2.94,90.6,0,3,8.0,9.6,71.5,Average
STU-1625,82.7,94.1,15.1,4.0,86.7,0,3,2.4,5.8,85.1,Good
STU-1626,75.5,63.6,13.6,3.45,68.4,1,2,14.6,8.3,68.8,Average
STU-1627,56.5,57.8,13.7,3.49,70.8,0,1,6.0,6.1,66.8,Average
STU-1628,78.1,61.5,13.8,3.26,68.2,1,3,10.1,6.0,76.6,Good
STU-1629,68.0,58.2,9.9,2.88,57.3,0,2,2.2,6.1,53.2,Average
STU-1630,95.2,70.7,10.5,2.93,75.4,1,3,7.2,6.9,75.1,Good
STU-1631,64.6,60.0,14.6,2.97,62.1,1,2,9.2,7.7,71.3,Average
STU-1632,70.9,65.1,10.8,3.13,60.2,0,3,9.3,7.8,66.7,Average
STU-1633,93.5,85.6,14.7,3.23,88.2,0,3,8.6,5.9,89.6,Good
STU-1634,53.2,44.0,11.9,3.05,54.7,1,1,10.0,5.8,56.1,Average
STU-1635,85.4,62.6,10.8,2.92,75.6,0,1,3.5,5.9,60.0,Average
STU-1636,71.1,75.6,20.1,2.78,81.5,0,1,8.8,6.9,70.2,Average
STU-1637,84.8,53.5,7.0,2.42,68.1,0,2,8.5,6.7,53.9,Average
STU-1638,92.8,83.8,22.3,3.63,80.0,0,2,8.9,5.9,90.4,Good
STU-1639,72.5,85.6,20.4,4.0,63.5,1,3,8.3,7.3,94.1,Good
STU-1640,66.5,58.5,13.6,3.59,64.1,0,1,2.9,9.7,67.1,Average
STU-1641,50.6,47.1,13.7,2.48,52.9,0,1,2.7,6.4,33.9,At Risk
STU-1642,87.7,71.3,9.7,3.4,70.6,0,2,0.0,6.5,66.7,Average
STU-1643,61.5,58.8,13.0,3.51,59.3,0,2,11.3,7.7,55.0,Average
STU-1644,95.1,75.8,9.7,2.87,94.6,0,2,11.3,6.3,73.2,Average
STU-1645,70.5,62.3,15.3,3.27,56.5,0,2,11.4,7.8,67.8,Average
STU-1646,83.4,74.8,14.7,2.84,57.6,0,2,9.2,6.1,71.0,Average
STU-1647,48.6,63.6,17.4,3.74,60.3,0,2,0.0,9.2,64.3,Average
STU-1648,76.5,71.6,14.1,3.21,66.0,1,3,3.9,7.4,77.1,Good
STU-1649,87.9,74.0,14.8,2.64,78.6,0,3,8.7,6.3,75.0,Good
STU-1650,70.1,67.3,17.3,3.35,74.0,0,3,8.5,6.3,68.3,Average
STU-1651,67.8,55.0,13.3,3.53,73.5,0,2,7.1,6.4,59.8,Average
STU-1652,71.3,62.4,11.8,3.14,51.3,0,3,9.5,8.6,64.2,Average
STU-1653,68.9,68.0,16.6,3.27,63.4,0,1,8.0,5.5,75.9,Good
STU-1654,80.0,70.0,12.7,3.02,72.7,0,2,8.5,6.2,75.9,Good
STU-1655,76.8,57.5,10.7,2.54,71.2,0,3,5.4,6.3,61.3,Average
STU-1656,35.4,45.8,13.1,2.98,62.7,0,1,11.9,7.0,44.1,At Risk
STU-1657,85.5,81.0,10.1,3.29,76.8,0,3,6.3,6.7,80.1,Good
STU-1658,76.8,53.0,10.7,2.99,64.6,1,3,2.7,5.2,61.2,Average
STU-1659,81.7,78.3,16.3,3.41,67.4,0,2,4.9,6.5,74.8,Average
STU-1660,72.2,53.9,10.2,2.87,57.4,0,2,6.6,6.9,47.7,At Risk
STU-1661,88.6,64.8,11.5,2.9,67.8,0,2,12.0,6.2,67.0,Average
STU-1662,48.7,58.7,16.3,3.42,61.6,0,1,7.8,7.8,58.7,Average
STU-1663,93.9,75.3,17.4,3.15,84.6,0,2,7.3,8.1,80.0,Good
STU-1664,83.4,73.3,16.7,2.86,65.3,0,3,3.0,6.9,63.4,Average
STU-1665,67.0,81.7,20.0,3.52,67.4,0,2,11.1,7.3,80.2,Good
STU-1666,70.1,61.0,11.1,2.74,68.9,0,2,5.4,4.4,47.0,At Risk
STU-1667,80.3,62.2,10.7,2.72,69.8,1,3,7.6,6.5,69.6,Average
STU-1668,87.5,43.1,4.4,1.8,68.0,0,1,13.9,8.2,43.6,At Risk
STU-1669,75.9,73.0,18.2,2.8,76.6,0,3,10.0,6.5,71.5,Average
STU-1670,93.1,95.1,14.7,3.64,91.9,0,3,1.5,6.1,93.4,Good
STU-1671,77.8,58.2,15.0,2.12,72.7,1,2,0.9,9.7,55.1,Average
STU-1672,76.9,57.6,12.0,2.62,63.6,0,2,7.7,9.2,58.9,Average
STU-1673,51.0,57.2,18.1,3.25,52.4,0,2,3.1,7.6,65.2,Average
STU-1674,93.1,55.3,8.2,2.04,73.0,1,3,10.6,8.4,44.6,At Risk
STU-1675,82.1,47.7,14.0,2.82,52.4,1,2,8.2,4.3,56.9,Average
STU-1676,76.7,80.4,19.6,3.56,74.2,0,3,8.7,6.1,83.4,Good
STU-1677,69.9,68.2,15.6,3.97,65.5,0,2,5.2,6.4,75.5,Good
STU-1678,53.1,51.3,18.5,3.18,50.5,0,2,15.0,6.7,65.9,Average
STU-1679,87.4,64.0,8.3,2.63,60.6,1,3,19.4,6.4,59.2,Average
STU-1680,79.4,65.2,19.2,2.62,83.2,0,3,6.9,4.0,64.7,Average
STU-1681,64.3,59.5,13.8,3.12,63.8,0,1,9.4,7.5,52.8,Average
STU-1682,72.4,71.6,11.6,3.18,64.6,0,2,8.4,7.7,73.9,Average
STU-1683,69.2,69.9,19.9,3.89,74.4,0,2,7.0,8.9,78.9,Good
STU-1684,81.2,66.1,16.1,3.49,74.7,0,2,4.7,6.1,73.0,Average
STU-1685,85.9,68.3,9.3,3.09,78.3,0,3,3.7,6.0,69.4,Average
STU-1686,68.8,64.9,11.1,2.9,62.1,0,2,3.5,4.0,60.7,Average
STU-1687,74.7,63.5,14.6,4.0,56.9,0,2,9.6,6.6,76.1,Good
STU-1688,92.9,78.0,11.7,3.33,88.2,1,3,5.9,8.1,92.7,Good
STU-1689,70.2,58.6,9.1,2.75,62.5,0,1,0.0,6.3,56.7,Average
STU-1690,55.3,43.3,14.4,2.95,53.0,1,2,9.8,9.6,52.5,Average
STU-1691,69.8,64.2,14.7,2.66,56.0,0,2,7.8,6.7,58.6,Average
STU-1692,52.7,41.5,6.0,1.97,49.4,0,2,13.4,7.2,33.7,At Risk
STU-1693,93.2,67.5,9.4,3.19,71.6,1,3,9.5,5.4,67.3,Average
STU-1694,59.4,72.3,11.9,3.85,69.5,1,2,2.1,7.3,73.8,Average
STU-1695,96.4,83.0,19.7,2.32,83.9,0,3,0.0,4.6,80.3,Good
STU-1696,51.5,54.2,13.6,3.07,47.9,1,1,5.1,7.8,53.5,Average
STU-1697,79.1,64.2,14.7,2.73,78.3,0,3,5.5,7.9,63.8,Average
STU-1698,78.4,63.9,13.4,3.28,76.6,0,3,11.8,8.6,77.4,Good
STU-1699,83.2,61.4,8.2,2.97,66.9,1,2,8.0,5.8,58.2,Average
STU-1700,80.6,64.3,11.7,2.44,73.8,0,2,12.5,7.2,52.0,Average
STU-1701,73.6,64.9,18.4,2.61,72.3,1,2,2.7,7.7,62.9,Average
STU-1702,71.6,42.3,9.5,2.68,62.7,0,2,11.9,7.5,44.1,At Risk
STU-1703,86.7,81.9,11.2,3.65,80.4,0,3,10.9,6.0,83.1,Good
STU-1704,83.6,74.9,12.6,3.63,76.1,0,2,0.0,4.1,73.1,Average
STU-1705,72.3,63.0,15.7,2.91,67.3,0,2,13.3,7.4,64.3,Average
STU-1706,90.3,87.8,16.6,3.6,90.4,1,3,8.4,6.8,95.6,Good
STU-1707,78.3,77.5,17.6,2.97,55.3,0,2,9.6,6.3,69.9,Average
STU-1708,72.5,46.8,12.3,2.9,81.1,0,2,4.5,7.9,61.3,Average
STU-1709,89.0,75.3,15.7,3.08,64.1,1,3,13.1,6.9,84.7,Good
STU-1710,85.6,60.3,12.3,3.18,66.8,0,3,3.3,5.4,67.0,Average
STU-1711,74.1,59.7,9.0,2.8,61.2,0,2,11.3,4.7,60.1,Average
STU-1712,58.2,60.8,15.6,3.06,59.6,0,2,11.3,5.6,60.8,Average
STU-1713,83.7,83.0,18.0,3.4,85.7,0,1,4.1,9.9,85.2,Good
STU-1714,46.0,45.4,11.5,3.11,40.6,0,2,15.9,7.9,42.7,At Risk
STU-1715,66.8,58.7,19.8,3.07,72.6,1,1,8.9,7.2,61.0,Average
STU-1716,76.1,73.7,20.9,3.27,72.3,0,3,10.6,6.8,77.4,Good
STU-1717,85.2,73.1,11.8,3.35,73.4,0,3,1.9,6.7,71.3,Average
STU-1718,75.7,67.3,10.4,3.02,63.6,0,2,16.5,8.4,62.1,Average
STU-1719,96.0,61.2,9.7,2.84,75.2,0,2,3.1,6.4,64.8,Average
STU-1720,55.4,61.7,13.0,3.14,51.7,1,1,12.1,7.7,63.1,Average
STU-1721,59.3,40.8,8.6,2.33,48.9,1,2,4.0,6.6,42.3,At Risk
STU-1722,68.4,58.5,9.3,2.96,61.1,1,2,5.5,9.3,56.4,Average
STU-1723,71.4,41.9,5.7,1.94,63.7,0,3,11.2,7.9,40.6,At Risk
STU-1724,76.2,48.9,5.2,2.3,53.4,0,2,12.1,8.5,43.2,At Risk
STU-1725,98.5,62.4,5.1,2.23,63.3,0,3,2.9,6.3,54.1,Average
STU-1726,69.0,57.4,11.6,3.52,66.8,0,2,12.4,8.3,58.4,Average
STU-1727,46.6,59.5,22.5,3.06,62.4,0,2,12.2,6.6,63.9,Average
STU-1728,74.9,69.1,18.9,2.48,80.5,0,1,4.2,7.1,63.4,Average
STU-1729,67.4,81.1,16.8,3.27,60.0,0,2,14.4,9.0,78.1,Good
STU-1730,92.6,69.4,13.2,3.49,62.5,0,2,2.2,5.7,69.5,Average
STU-1731,72.9,73.8,10.4,3.28,58.3,0,3,5.5,7.2,67.2,Average
STU-1732,61.1,68.0,12.6,2.97,52.6,1,2,9.9,7.5,71.0,Average
STU-1733,58.1,59.5,15.0,3.15,59.3,0,1,4.6,7.6,56.2,Average
STU-1734,78.0,66.5,12.7,3.46,63.0,0,2,9.1,6.5,69.4,Average
STU-1735,73.2,59.1,13.4,2.84,72.3,0,1,9.0,9.5,55.5,Average
STU-1736,75.6,60.3,10.0,3.06,61.3,0,1,7.3,5.4,54.6,Average
STU-1737,61.3,45.9,10.7,2.93,57.8,1,2,11.3,8.8,60.8,Average
STU-1738,80.2,55.0,8.9,2.32,66.1,0,2,7.1,8.5,54.2,Average
STU-1739,91.8,98.0,23.5,3.46,90.2,1,3,8.9,9.3,98.0,Good
STU-1740,45.6,57.7,14.8,3.98,52.6,1,2,12.6,5.1,60.1,Average
STU-1741,58.3,52.3,12.8,2.66,61.5,0,1,11.2,6.0,53.1,Average
STU-1742,71.0,54.4,12.3,3.48,57.4,0,1,11.1,8.8,67.3,Average
STU-1743,90.9,66.6,8.4,2.67,81.3,0,2,3.4,4.7,68.2,Average
STU-1744,93.8,72.6,11.1,3.11,73.0,0,2,10.1,5.1,75.4,Good
STU-1745,62.1,67.3,16.1,3.73,53.0,0,2,4.5,6.4,66.5,Average
STU-1746,94.7,79.0,19.6,2.82,87.1,0,3,2.9,7.2,82.7,Good
STU-1747,94.9,68.4,11.1,3.04,68.7,1,2,7.7,8.9,75.2,Good
STU-1748,85.1,65.7,12.8,2.24,77.5,0,1,4.4,6.8,52.5,Average
STU-1749,75.5,74.4,20.7,2.75,94.0,0,2,11.2,6.3,69.6,Average
STU-1750,74.8,54.0,10.0,2.19,56.8,1,1,11.3,7.4,54.9,Average
STU-1751,72.3,73.3,18.2,3.24,74.3,0,2,0.4,7.6,78.1,Good
STU-1752,60.3,64.8,12.4,3.42,44.0,0,2,4.7,7.5,57.0,Average
STU-1753,64.3,64.6,14.0,2.95,65.8,0,3,2.2,6.8,67.7,Average
STU-1754,65.4,65.1,16.0,3.18,58.1,0,3,6.1,4.7,67.3,Average
STU-1755,64.8,61.7,9.0,2.9,51.4,0,2,9.8,5.9,59.8,Average
STU-1756,51.4,56.4,12.0,3.38,43.9,0,1,7.0,8.7,53.5,Average
STU-1757,94.1,81.7,12.3,3.11,82.4,0,3,5.6,7.2,81.8,Good
STU-1758,71.6,52.2,6.9,2.16,65.7,0,3,13.2,6.6,52.4,Average
STU-1759,58.6,51.2,14.3,3.47,59.6,0,2,0.0,8.3,60.0,Average
STU-1760,44.4,49.9,8.6,2.87,37.8,1,2,12.9,5.6,47.9,At Risk
STU-1761,86.6,74.9,18.7,2.48,92.8,0,2,5.8,6.7,70.3,Average
STU-1762,64.7,60.8,16.1,2.85,58.9,0,1,7.7,7.2,67.1,Average
STU-1763,75.0,79.0,30.9,2.19,71.0,0,2,5.9,6.5,69.1,Average
STU-1764,58.7,43.3,7.3,2.49,54.7,0,2,14.2,7.1,39.9,At Risk
STU-1765,82.2,70.7,14.8,3.11,64.1,0,2,3.1,6.8,68.2,Average
STU-1766,78.0,62.4,11.4,3.15,74.5,0,2,8.0,5.3,66.5,Average
STU-1767,39.5,53.6,10.7,3.19,41.5,1,1,10.1,7.2,54.6,Average
STU-1768,86.7,74.7,16.7,3.05,82.6,0,2,1.6,5.4,70.5,Average
STU-1769,88.7,65.9,11.7,2.74,84.0,0,2,4.3,7.2,74.6,Average
STU-1770,73.6,55.2,11.8,3.03,55.0,0,2,7.4,8.6,61.3,Average
STU-1771,66.3,59.8,13.1,2.85,57.7,0,2,4.5,6.7,61.3,Average
STU-1772,87.9,57.8,7.3,2.32,66.5,0,2,4.7,5.6,54.8,Average
STU-1773,78.6,62.2,9.0,2.7,76.3,0,2,6.6,6.8,60.2,Average
STU-1774,73.7,60.2,12.8,3.45,60.6,1,3,10.6,6.0,69.9,Average
STU-1775,66.7,66.7,20.9,3.76,67.0,0,2,6.6,7.7,81.4,Good
STU-1776,76.3,79.1,18.6,3.34,78.1,1,2,12.3,6.8,80.9,Good
STU-1777,92.7,86.8,12.9,3.74,71.8,0,2,4.0,9.1,87.8,Good
STU-1778,80.5,71.8,21.1,3.09,80.8,1,2,3.0,8.4,77.3,Good
STU-1779,54.8,74.0,16.4,3.83,47.4,0,3,15.7,6.8,74.9,Average
STU-1780,73.2,83.3,18.6,3.97,90.3,0,3,5.4,7.9,84.7,Good
STU-1781,75.7,49.2,7.4,2.27,49.7,0,2,2.8,6.5,52.6,Average
STU-1782,74.8,63.2,13.5,3.15,64.8,0,3,1.0,7.0,64.3,Average
STU-1783,69.7,50.5,10.2,3.09,60.3,1,2,12.3,6.6,57.9,Average
STU-1784,72.0,65.7,9.9,2.86,76.8,0,2,6.6,7.9,60.7,Average
STU-1785,44.6,51.5,17.2,3.27,44.6,0,2,7.0,8.7,55.8,Average
STU-1786,77.9,68.2,16.5,3.07,88.5,0,2,7.4,8.0,75.2,Good
STU-1787,62.5,63.0,13.2,2.72,66.3,0,1,12.1,8.1,56.3,Average
STU-1788,52.7,41.5,11.6,3.04,56.2,1,2,7.3,8.1,58.1,Average
STU-1789,87.0,63.4,12.2,3.59,64.6,1,3,17.4,7.7,72.6,Average
STU-1790,88.5,79.5,18.8,3.13,85.8,0,2,8.5,5.6,81.5,Good
STU-1791,70.7,72.3,18.0,3.33,64.7,0,3,12.2,9.0,71.8,Average
STU-1792,94.5,71.0,8.4,2.93,82.2,0,3,11.2,9.2,72.5,Average
STU-1793,91.0,76.3,17.4,3.25,73.2,0,3,7.9,6.7,80.8,Good
STU-1794,80.3,72.7,9.4,2.51,64.5,0,2,5.7,6.6,61.1,Average
STU-1795,63.5,57.3,14.6,2.83,58.0,0,2,9.3,7.7,63.8,Average
STU-1796,74.8,56.6,9.2,3.0,54.3,0,2,10.0,7.7,55.8,Average
STU-1797,65.4,45.4,8.5,2.48,62.1,0,1,5.7,6.8,48.5,At Risk
STU-1798,83.7,64.9,11.6,2.68,74.2,1,3,8.7,5.5,64.2,Average
STU-1799,64.9,77.6,21.9,3.19,81.6,1,1,12.9,7.4,78.0,Good
STU-1800,66.3,66.9,13.6,3.11,48.5,0,1,16.3,7.7,57.4,Average
STU-1801,79.7,70.0,19.1,3.41,85.3,0,2,11.4,7.9,75.4,Good
STU-1802,92.2,71.0,12.5,2.78,95.8,0,3,15.5,7.4,72.6,Average
STU-1803,54.5,58.5,13.8,3.08,52.9,1,2,5.5,6.7,68.0,Average
STU-1804,51.9,57.8,13.6,2.75,70.0,0,3,10.8,8.2,57.5,Average
STU-1805,71.4,66.9,14.2,3.37,64.2,1,2,13.4,7.1,78.3,Good
STU-1806,80.7,80.6,18.6,3.59,65.7,1,3,4.4,6.4,86.3,Good
STU-1807,82.5,62.4,11.2,3.27,66.4,0,2,6.1,6.8,65.8,Average
STU-1808,67.5,78.4,15.0,3.53,73.5,0,3,15.0,4.9,83.0,Good
STU-1809,88.9,87.5,22.0,3.06,78.6,0,3,4.1,6.8,88.2,Good
STU-1810,67.4,63.5,19.4,3.41,65.5,0,2,2.6,7.8,68.9,Average
STU-1811,58.1,52.8,14.2,3.08,63.7,0,2,14.1,7.4,60.4,Average
STU-1812,59.8,49.6,14.9,2.59,60.8,0,2,12.8,8.8,52.1,Average
STU-1813,76.7,80.4,20.3,3.16,81.2,0,2,9.7,6.7,70.9,Average
STU-1814,73.4,44.5,6.8,2.6,60.4,0,1,7.8,7.6,51.3,Average
STU-1815,87.5,81.5,16.4,4.0,81.6,0,3,6.2,8.0,93.5,Good
STU-1816,54.1,52.4,10.4,2.9,48.8,1,2,9.1,9.8,61.3,Average
STU-1817,64.7,59.5,10.9,3.34,60.5,0,2,14.3,7.2,63.9,Average
STU-1818,75.8,78.2,23.1,3.04,72.0,1,3,9.0,5.7,80.2,Good
STU-1819,88.1,60.3,12.6,2.49,83.9,1,3,16.7,8.0,70.1,Average
STU-1820,83.7,63.8,12.9,2.2,66.4,0,2,4.4,9.2,62.9,Average
STU-1821,91.8,72.6,12.7,3.39,84.8,0,1,7.9,6.6,82.3,Good
STU-1822,61.0,64.7,15.2,3.75,59.9,1,2,6.5,8.0,71.9,Average
STU-1823,91.5,69.0,11.5,2.72,75.7,1,3,3.7,8.5,70.4,Average
STU-1824,75.2,55.5,11.0,2.3,60.6,0,2,7.4,8.2,50.4,Average
STU-1825,76.1,65.6,15.3,2.9,62.1,0,2,9.7,7.2,68.5,Average
STU-1826,61.8,40.6,7.1,2.63,38.6,1,2,10.1,6.2,38.9,At Risk
STU-1827,95.3,70.0,14.3,2.76,71.1,0,2,16.7,6.9,74.3,Average
STU-1828,63.7,61.8,13.4,3.32,58.5,0,2,9.9,7.6,66.7,Average
STU-1829,70.6,63.3,20.0,3.03,74.5,0,3,12.6,8.1,73.8,Average
STU-1830,68.7,61.9,17.0,2.68,76.3,0,2,8.3,7.4,64.0,Average
STU-1831,80.8,74.0,15.1,3.31,69.0,1,2,14.7,6.5,83.0,Good
STU-1832,56.7,51.7,14.4,3.35,51.4,0,2,17.6,7.7,63.1,Average
STU-1833,91.0,73.6,11.3,2.9,62.1,0,1,10.1,8.0,65.5,Average
STU-1834,73.3,74.6,14.7,3.11,71.8,1,2,4.0,7.5,70.5,Average
STU-1835,96.1,78.7,19.4,3.28,97.2,0,3,5.8,6.0,82.9,Good
STU-1836,76.4,77.8,14.0,3.24,79.0,1,3,9.1,6.8,80.0,Good
STU-1837,82.8,66.2,11.4,3.07,74.9,1,2,9.8,8.1,65.5,Average
STU-1838,63.8,71.9,15.9,3.69,69.3,0,2,10.8,5.3,78.6,Good
STU-1839,90.2,75.7,15.2,3.31,91.4,0,2,9.8,4.5,83.4,Good
STU-1840,95.8,73.5,9.2,2.85,76.4,0,2,8.0,8.8,66.1,Average
STU-1841,35.0,42.0,8.7,2.85,44.9,0,1,5.5,7.6,39.0,At Risk
STU-1842,79.2,55.6,10.3,2.8,63.4,0,2,9.6,7.7,58.9,Average
STU-1843,72.6,68.0,21.4,3.33,64.7,0,2,15.4,5.7,78.8,Good
STU-1844,62.2,51.4,16.8,2.77,58.9,0,2,12.1,7.9,64.3,Average
STU-1845,71.5,56.5,8.4,2.86,59.3,1,2,10.1,7.3,51.1,Average
STU-1846,72.2,70.4,12.6,3.53,65.3,0,2,12.1,5.1,69.8,Average
STU-1847,69.0,73.0,16.3,3.14,82.9,0,2,6.5,8.7,70.7,Average
STU-1848,87.5,75.8,14.1,3.59,75.7,1,2,6.0,7.2,75.4,Good
STU-1849,76.7,67.0,16.2,3.41,81.1,1,2,5.0,6.5,73.9,Average
STU-1850,93.3,56.0,7.0,2.52,66.2,1,2,7.5,6.5,61.3,Average
STU-1851,73.0,69.4,12.8,3.0,63.0,0,3,6.3,4.6,65.1,Average
STU-1852,83.6,70.1,14.7,3.5,63.0,0,2,12.8,7.7,68.4,Average
STU-1853,56.7,52.9,14.3,2.5,52.4,0,1,6.1,7.3,62.4,Average
STU-1854,69.5,60.6,15.2,3.24,70.7,0,2,4.8,6.8,67.8,Average
STU-1855,56.3,58.1,13.3,3.03,57.0,0,1,15.8,8.5,57.1,Average
STU-1856,75.6,46.7,5.5,2.26,65.7,0,2,6.2,5.3,41.7,At Risk
STU-1857,83.0,87.2,22.4,3.1,84.0,0,3,8.6,6.3,86.7,Good
STU-1858,71.4,64.8,13.8,2.67,63.0,0,2,9.8,6.0,60.9,Average
STU-1859,53.9,44.1,8.6,2.52,67.2,0,1,3.5,6.7,35.7,At Risk
STU-1860,70.6,62.1,13.4,3.05,64.2,0,2,12.9,7.1,59.3,Average
STU-1861,77.1,49.4,7.9,2.18,71.2,0,2,10.5,7.5,52.5,Average
STU-1862,57.7,42.3,11.0,2.75,51.7,0,1,14.2,6.6,54.8,Average
STU-1863,75.3,80.4,22.2,4.0,83.7,0,3,5.3,5.9,91.5,Good
STU-1864,55.3,58.7,11.8,3.34,62.0,0,1,8.4,9.0,63.5,Average
STU-1865,71.5,62.8,13.9,2.65,67.7,0,3,8.2,9.9,62.0,Average
STU-1866,76.7,79.1,21.0,3.68,58.5,0,3,9.1,7.2,83.6,Good
STU-1867,63.8,53.6,13.0,2.6,60.8,0,1,2.2,6.1,57.5,Average
STU-1868,84.7,71.7,11.3,2.8,80.0,0,1,8.4,8.8,73.4,Average
STU-1869,35.7,37.0,8.5,2.53,44.1,1,1,2.3,5.3,42.4,At Risk
STU-1870,77.1,69.5,11.6,3.17,69.9,1,2,9.4,6.6,65.8,Average
STU-1871,71.4,59.7,16.2,3.67,54.9,0,3,0.0,6.2,71.7,Average
STU-1872,83.6,37.7,11.1,2.6,63.5,0,2,0.6,5.6,53.5,Average
STU-1873,84.4,61.8,12.1,2.12,74.2,0,1,11.3,6.7,55.4,Average
STU-1874,82.1,62.4,11.7,3.54,72.5,0,2,5.8,6.0,72.4,Average
STU-1875,87.7,86.9,21.0,3.75,93.2,0,3,4.0,7.0,96.2,Good
STU-1876,49.0,56.2,23.6,2.15,64.1,0,2,13.1,7.0,58.7,Average
STU-1877,63.9,72.1,13.7,3.26,64.8,1,1,9.3,6.3,75.6,Good
STU-1878,65.1,62.9,12.7,3.15,61.2,0,2,11.5,6.6,61.6,Average
STU-1879,92.4,66.7,11.0,2.7,66.1,0,2,7.3,6.7,60.0,Average
STU-1880,82.1,61.4,10.5,2.42,49.7,0,2,18.7,8.0,58.5,Average
STU-1881,51.6,61.8,14.1,3.5,58.7,0,2,5.6,6.8,71.4,Average
STU-1882,80.5,60.4,9.2,3.13,66.7,0,3,15.0,8.0,62.9,Average
STU-1883,77.4,72.3,13.0,3.16,63.2,0,3,7.8,7.7,74.1,Average
STU-1884,72.9,51.5,12.2,2.77,51.8,1,2,1.4,7.7,61.1,Average
STU-1885,51.3,58.1,16.9,2.69,63.5,0,1,9.9,8.7,56.3,Average
STU-1886,60.3,28.9,5.5,1.95,47.6,0,2,9.3,5.7,32.1,At Risk
STU-1887,92.9,83.4,20.5,2.95,90.1,0,3,3.8,6.4,80.7,Good
STU-1888,97.1,86.1,14.8,3.7,96.1,1,3,4.3,9.1,82.3,Good
STU-1889,72.9,62.3,8.9,2.65,43.6,1,2,7.9,6.7,53.0,Average
STU-1890,79.8,49.7,12.4,2.36,63.2,1,2,9.4,4.0,51.7,Average
STU-1891,77.7,62.9,12.4,3.25,65.9,0,2,0.0,6.8,71.7,Average
STU-1892,70.2,72.8,14.1,3.33,77.2,0,3,12.2,7.2,72.8,Average
STU-1893,70.4,58.8,11.9,2.79,49.9,0,2,6.0,4.0,52.7,Average
STU-1894,55.2,59.4,14.6,2.89,73.4,0,1,2.7,8.6,54.1,Average
STU-1895,90.2,67.4,13.3,3.17,76.7,0,2,11.8,6.1,75.2,Good
STU-1896,50.2,47.6,12.1,2.98,51.4,0,1,7.9,7.4,55.4,Average
STU-1897,96.3,86.6,13.8,3.5,77.9,1,3,12.9,6.7,92.2,Good
STU-1898,38.5,62.9,19.1,4.0,50.6,0,1,9.8,5.5,69.7,Average
STU-1899,94.2,63.6,7.9,2.28,79.7,0,3,8.0,5.7,55.1,Average
STU-1900,65.7,73.5,21.2,3.6,63.0,0,2,7.4,5.9,76.2,Good
STU-1901,42.6,43.7,13.3,3.1,52.2,0,1,9.9,8.3,56.8,Average
STU-1902,88.4,79.9,11.9,3.67,69.8,0,3,6.3,6.8,85.8,Good
STU-1903,77.6,73.9,15.5,3.38,65.2,1,2,4.6,6.4,70.0,Average
STU-1904,77.9,85.4,14.8,3.08,91.3,0,2,10.4,5.9,77.0,Good
STU-1905,80.8,73.9,20.3,3.39,82.2,0,3,7.4,8.4,83.3,Good
STU-1906,74.8,64.8,10.1,2.87,68.2,0,3,8.1,8.8,60.2,Average
STU-1907,56.8,41.4,9.0,2.7,61.1,0,2,12.4,8.4,36.7,At Risk
STU-1908,70.2,69.8,17.0,3.41,57.6,0,3,7.5,7.6,73.9,Average
STU-1909,74.3,72.7,16.0,2.67,84.1,1,3,8.1,7.3,68.6,Average
STU-1910,47.8,37.9,12.1,3.34,30.7,0,2,5.6,5.5,45.7,At Risk
STU-1911,82.9,67.3,13.9,3.06,66.1,1,2,9.7,6.7,69.7,Average
STU-1912,69.3,42.4,8.0,2.0,54.0,0,2,9.4,6.2,41.2,At Risk
STU-1913,37.7,37.2,9.7,2.79,47.0,1,1,11.6,4.8,40.5,At Risk
STU-1914,76.5,69.5,13.3,3.2,69.8,0,2,5.7,8.3,65.9,Average
STU-1915,71.3,72.2,16.5,2.87,67.7,0,2,6.2,6.2,67.5,Average
STU-1916,57.0,38.8,7.9,1.9,50.7,1,2,11.2,8.4,30.9,At Risk
STU-1917,63.3,67.0,15.1,3.64,55.1,1,1,9.0,8.1,71.8,Average
STU-1918,51.3,56.3,15.5,3.13,44.8,0,1,4.4,7.7,44.5,At Risk
STU-1919,62.6,68.8,18.8,3.25,72.8,0,1,13.2,7.7,68.2,Average
STU-1920,48.3,40.0,9.4,2.84,53.4,0,1,1.2,6.3,47.3,At Risk
STU-1921,69.1,75.1,15.1,3.29,78.8,0,2,11.1,9.2,68.3,Average
STU-1922,65.3,71.4,15.6,3.88,58.3,0,3,2.9,7.1,79.4,Good
STU-1923,51.6,52.2,11.6,2.72,57.8,1,2,15.5,7.4,57.7,Average
STU-1924,91.8,81.2,18.9,3.8,80.9,0,2,1.8,6.2,74.3,Average
STU-1925,62.8,59.0,12.9,3.23,69.5,0,2,12.6,5.9,62.0,Average
STU-1926,94.0,67.4,10.9,2.66,83.0,0,3,7.7,7.6,56.7,Average
STU-1927,65.9,70.2,21.2,4.0,73.4,0,2,6.5,7.3,80.7,Good
STU-1928,88.5,64.9,15.4,3.23,74.4,0,2,8.7,6.1,73.1,Average
STU-1929,87.3,71.7,14.0,3.35,82.5,1,2,10.5,5.3,67.5,Average
STU-1930,90.5,74.4,12.9,2.93,80.4,0,2,4.4,5.5,80.8,Good
STU-1931,82.9,58.5,11.6,2.69,64.0,1,2,4.7,8.4,63.9,Average
STU-1932,69.4,50.3,9.4,3.13,48.8,1,2,10.6,6.3,54.4,Average
STU-1933,86.3,75.5,16.7,3.76,75.2,0,3,1.2,6.6,90.1,Good
STU-1934,90.7,64.8,9.2,2.91,83.0,0,3,5.7,8.7,60.6,Average
STU-1935,73.7,69.0,17.6,3.04,80.8,0,1,20.2,5.7,64.7,Average
STU-1936,73.2,80.7,12.7,3.71,56.6,0,3,4.1,6.1,68.0,Average
STU-1937,58.0,57.9,11.1,2.91,45.9,1,1,12.6,6.1,62.9,Average
STU-1938,89.3,79.9,12.3,3.28,84.1,0,2,5.7,8.9,78.9,Good
STU-1939,36.7,66.9,21.6,3.44,47.0,0,1,10.0,9.4,67.1,Average
STU-1940,71.8,62.0,17.0,2.96,74.0,0,2,10.6,7.9,68.0,Average
STU-1941,59.3,45.4,9.1,3.19,48.6,1,1,12.5,7.9,55.0,Average
STU-1942,79.2,66.1,14.3,3.35,83.7,0,2,7.2,6.3,72.7,Average
STU-1943,69.5,62.7,9.3,2.87,53.2,0,1,16.0,9.3,57.8,Average
STU-1944,60.0,61.7,15.2,3.42,70.4,0,2,5.6,7.3,67.0,Average
STU-1945,71.1,54.9,14.3,2.8,67.7,0,3,8.9,8.0,59.0,Average
STU-1946,70.3,56.7,12.4,2.75,65.6,1,1,9.0,6.9,58.7,Average
STU-1947,84.6,58.6,12.6,2.36,55.9,0,2,3.5,6.7,59.3,Average
STU-1948,81.9,62.2,11.1,2.82,50.7,0,1,6.9,9.0,60.6,Average
STU-1949,91.5,69.3,12.3,2.68,73.3,0,2,8.6,7.6,61.6,Average
STU-1950,66.3,56.4,14.7,2.87,66.1,0,2,6.3,8.7,54.6,Average
STU-1951,76.9,70.5,12.9,3.33,58.8,0,3,17.8,7.3,76.2,Good
STU-1952,80.4,47.5,7.1,2.27,54.0,0,2,4.6,6.0,46.8,At Risk
STU-1953,58.8,41.4,7.1,2.16,55.4,1,2,12.7,6.3,44.3,At Risk
STU-1954,94.2,72.8,11.1,2.71,79.6,0,3,11.4,7.1,66.4,Average
STU-1955,77.5,64.8,14.0,3.26,68.3,0,3,7.9,6.2,64.5,Average
STU-1956,87.1,70.9,14.7,3.18,81.8,1,2,4.5,5.7,73.0,Average
STU-1957,77.9,60.4,9.4,2.71,54.7,0,1,4.9,8.4,55.6,Average
STU-1958,35.0,51.6,18.1,3.58,48.1,1,1,5.9,6.3,56.6,Average
STU-1959,91.0,77.9,20.0,2.75,97.2,1,2,0.9,7.2,86.4,Good
STU-1960,66.1,64.6,12.2,3.26,61.5,0,2,4.0,7.4,65.3,Average
STU-1961,92.9,98.0,24.9,2.89,92.0,0,2,2.1,6.3,96.7,Good
STU-1962,76.9,78.2,20.7,2.66,95.6,1,2,13.4,8.7,79.0,Good
STU-1963,90.1,68.8,11.8,2.78,62.5,0,3,10.5,5.7,58.3,Average
STU-1964,98.1,83.5,14.0,3.38,87.1,0,3,11.1,7.3,89.3,Good
STU-1965,68.0,56.7,11.8,3.21,74.9,0,1,10.4,7.3,54.7,Average
STU-1966,75.4,75.6,18.3,3.49,70.8,0,3,8.7,6.9,80.6,Good
STU-1967,79.1,69.8,13.9,3.21,77.1,0,1,13.8,5.4,66.7,Average
STU-1968,77.8,56.7,10.3,2.32,57.3,1,2,5.6,8.0,64.9,Average
STU-1969,55.4,66.1,14.9,4.0,52.9,0,2,8.4,7.9,76.9,Good
STU-1970,80.8,76.9,17.3,3.22,78.3,0,2,11.0,6.2,74.0,Average
STU-1971,76.9,66.9,13.3,3.28,74.6,0,2,2.7,7.8,69.4,Average
STU-1972,80.3,62.6,9.4,2.88,74.4,1,3,20.4,7.4,67.1,Average
STU-1973,92.2,73.9,15.0,3.55,91.3,0,3,8.1,5.5,86.4,Good
STU-1974,74.1,52.2,8.6,2.56,60.5,1,2,8.6,6.0,54.8,Average
STU-1975,63.6,80.3,20.0,3.32,78.5,0,2,13.0,8.4,72.9,Average
STU-1976,98.9,75.4,18.1,2.11,83.4,1,2,11.7,7.4,70.4,Average
STU-1977,43.4,55.0,14.2,3.35,58.1,0,2,8.2,6.3,57.8,Average
STU-1978,88.6,80.8,15.1,2.56,78.5,1,2,8.5,6.0,79.7,Good
STU-1979,78.3,65.5,17.7,3.17,77.9,0,3,2.0,6.4,75.6,Good
STU-1980,91.2,68.3,10.7,3.66,76.4,1,3,5.8,6.5,76.0,Good
STU-1981,90.0,82.8,12.8,3.42,62.0,0,2,10.1,6.0,81.4,Good
STU-1982,60.0,64.9,15.8,3.6,53.0,0,2,9.8,4.9,66.5,Average
STU-1983,82.0,72.1,14.0,3.55,72.7,0,2,12.9,8.4,79.7,Good
STU-1984,67.8,45.9,9.9,2.81,45.7,1,2,7.5,8.2,63.7,Average
STU-1985,46.7,64.8,18.7,3.32,64.8,0,2,2.5,5.5,64.1,Average
STU-1986,58.8,48.2,8.1,2.27,59.0,0,1,12.2,7.2,46.2,At Risk
STU-1987,80.0,57.6,12.7,2.74,71.9,1,2,13.7,5.9,60.5,Average
STU-1988,87.8,82.6,19.9,3.68,73.2,0,3,11.6,6.7,87.8,Good
STU-1989,82.7,73.1,18.4,2.88,88.6,0,3,7.3,6.6,76.3,Good
STU-1990,64.2,47.7,6.4,2.21,69.3,0,2,12.2,6.5,43.6,At Risk
STU-1991,55.5,58.8,14.5,3.96,59.1,0,2,21.7,9.4,78.5,Good
STU-1992,60.4,70.4,14.8,3.3,65.1,0,1,8.5,6.5,65.0,Average
STU-1993,86.1,74.9,10.3,3.39,71.3,0,3,2.8,6.0,77.5,Good
STU-1994,95.6,62.9,8.5,2.61,77.0,0,2,5.7,6.1,55.2,Average
STU-1995,92.2,79.5,18.7,3.18,82.2,0,3,10.5,8.3,85.1,Good
STU-1996,88.4,74.6,15.9,3.17,77.4,0,3,1.6,5.0,82.9,Good
STU-1997,77.0,55.9,10.9,2.68,72.7,0,1,8.7,6.1,54.8,Average
STU-1998,97.1,75.8,14.3,2.97,99.3,0,3,9.5,8.7,68.7,Average
STU-1999,52.3,44.3,12.6,2.37,42.7,1,1,14.1,7.3,44.8,At Risk
STU-2000,82.4,70.8,8.9,2.89,65.2,0,3,13.2,7.2,66.5,Average
STU-2001,87.9,79.2,13.5,3.49,65.1,0,2,11.5,9.6,81.3,Good
STU-2002,53.4,64.7,17.4,2.71,73.0,0,2,0.0,7.3,69.5,Average
STU-2003,76.0,80.0,17.7,3.91,68.3,0,1,11.7,6.2,80.0,Good
STU-2004,72.7,46.9,11.1,2.4,51.8,0,3,10.8,6.7,48.0,At Risk
STU-2005,73.2,62.2,12.3,2.93,70.1,1,2,9.0,5.6,60.1,Average
STU-2006,58.0,55.2,7.7,2.75,65.1,0,2,1.1,8.5,52.2,Average
STU-2007,94.1,63.2,10.9,2.97,80.1,0,2,4.9,7.7,70.5,Average
STU-2008,73.7,78.8,17.2,3.67,72.8,0,2,3.3,8.3,77.6,Good
STU-2009,64.5,65.9,9.6,2.61,60.3,0,2,0.0,8.5,59.6,Average
STU-2010,69.1,63.5,9.4,2.85,70.6,0,3,8.0,6.5,63.0,Average
STU-2011,76.0,73.4,11.8,3.34,59.0,0,2,4.8,5.9,70.4,Average
STU-2012,86.8,79.4,19.2,3.09,79.9,0,3,18.5,6.9,77.5,Good
STU-2013,86.9,74.4,11.8,3.13,68.3,0,3,7.3,6.0,71.4,Average
STU-2014,89.3,65.4,15.9,2.62,68.9,0,3,13.2,7.2,58.9,Average
STU-2015,97.2,80.1,13.9,3.02,77.5,0,3,1.7,8.4,80.2,Good
STU-2016,84.5,80.5,14.5,3.56,82.7,0,3,5.9,6.8,82.4,Good
STU-2017,94.6,62.8,7.6,2.33,75.7,0,3,8.4,7.2,61.9,Average
STU-2018,71.3,70.0,14.0,2.74,71.2,0,3,4.4,6.9,68.5,Average
STU-2019,73.5,54.1,13.4,2.23,67.7,1,2,6.3,8.0,57.8,Average
STU-2020,75.8,71.5,16.9,3.29,76.2,0,2,7.1,6.2,73.8,Average
STU-2021,85.2,72.6,12.2,3.6,65.1,0,3,7.1,4.4,75.3,Good
STU-2022,61.6,48.6,11.1,2.97,54.7,0,1,15.4,7.6,46.3,At Risk
STU-2023,87.2,63.6,9.7,2.6,71.1,1,3,9.5,8.2,62.9,Average
STU-2024,70.1,40.6,6.9,2.61,59.1,1,2,9.9,7.5,48.9,At Risk
STU-2025,72.6,70.2,14.0,2.92,69.3,0,2,10.2,6.2,63.7,Average
STU-2026,67.4,61.9,14.6,2.91,63.5,0,2,10.5,5.6,66.1,Average
STU-2027,66.5,65.6,16.9,3.46,63.8,1,1,7.7,7.6,68.3,Average
STU-2028,71.8,59.2,13.0,2.75,90.4,0,2,6.7,7.2,63.0,Average
STU-2029,79.7,68.0,12.9,3.25,76.6,1,2,8.7,6.8,73.1,Average
STU-2030,38.1,47.1,10.1,2.91,46.4,1,2,12.6,9.2,50.7,Average
STU-2031,77.4,62.5,10.5,2.71,63.3,1,2,12.5,5.9,65.9,Average
STU-2032,90.9,66.3,13.4,2.9,72.5,0,3,7.0,9.1,73.8,Average
STU-2033,66.7,64.4,19.0,3.2,68.4,0,2,11.1,7.0,60.8,Average
STU-2034,90.8,82.4,15.1,3.46,80.4,0,3,7.2,4.8,88.2,Good
STU-2035,83.7,60.5,12.6,2.94,56.1,0,3,8.1,6.8,72.0,Average
STU-2036,91.3,57.5,6.5,2.51,55.5,0,3,6.1,8.2,55.7,Average
STU-2037,62.9,67.1,16.3,3.5,59.1,1,2,7.3,6.6,72.8,Average
STU-2038,77.4,69.4,17.0,2.65,74.6,1,2,13.4,5.2,66.0,Average
STU-2039,49.9,59.0,13.1,3.17,51.3,0,1,8.4,6.8,48.0,At Risk
STU-2040,67.3,54.2,12.3,3.04,73.6,0,1,8.5,6.0,55.5,Average
STU-2041,88.9,55.2,11.5,2.98,60.8,0,2,2.2,7.6,61.2,Average
STU-2042,49.9,48.7,14.6,2.83,49.0,0,1,6.8,7.9,48.8,At Risk
STU-2043,79.5,78.0,10.1,3.33,78.0,0,3,7.0,5.7,70.3,Average
STU-2044,57.0,56.5,12.2,1.8,57.0,0,3,4.7,6.2,43.7,At Risk
STU-2045,47.8,70.4,14.5,3.56,60.8,1,2,8.1,7.9,68.6,Average
STU-2046,87.6,67.4,12.5,2.64,89.6,1,3,6.3,6.0,67.5,Average
STU-2047,82.2,62.8,16.8,3.23,69.8,0,2,8.3,5.7,73.9,Average
STU-2048,50.6,38.2,11.2,3.21,50.5,1,1,8.5,5.6,52.8,Average
STU-2049,56.5,60.1,15.5,3.62,57.5,1,2,4.2,7.4,78.2,Good
STU-2050,80.6,63.8,12.6,3.14,53.8,0,2,6.4,7.4,71.0,Average
STU-2051,86.7,68.2,8.4,2.68,65.3,0,3,8.3,6.2,65.2,Average
STU-2052,60.6,58.8,13.8,2.33,66.9,0,2,12.7,7.0,51.4,Average
STU-2053,85.8,67.8,11.2,2.89,75.0,0,3,9.0,8.8,69.9,Average
STU-2054,81.6,46.3,6.0,2.17,67.0,0,3,5.4,5.8,50.1,Average
STU-2055,73.0,53.4,11.8,2.77,61.3,0,1,9.6,4.7,52.7,Average
STU-2056,89.8,65.7,8.9,2.92,64.8,0,3,14.8,7.5,69.9,Average
STU-2057,61.1,57.5,10.2,2.74,66.0,0,1,11.7,6.9,47.4,At Risk
STU-2058,71.4,66.2,14.1,3.07,62.2,1,2,10.2,6.1,67.0,Average
STU-2059,68.3,49.4,8.9,2.94,60.6,0,2,10.9,7.8,56.5,Average
STU-2060,76.1,69.9,14.6,2.9,70.7,0,3,13.8,8.0,68.2,Average
STU-2061,70.0,51.1,8.4,1.96,70.3,1,2,12.3,4.4,45.6,At Risk
STU-2062,53.4,44.7,13.4,2.47,63.2,1,2,10.3,6.2,49.5,At Risk
STU-2063,79.1,68.1,17.2,3.34,63.8,1,2,12.3,9.8,72.0,Average
STU-2064,95.3,79.9,13.1,3.41,68.6,0,3,3.7,7.7,86.0,Good
STU-2065,80.6,52.6,7.9,2.22,68.4,0,2,2.0,7.8,47.0,At Risk
STU-2066,82.7,74.3,13.0,2.68,70.6,0,2,8.6,8.4,69.0,Average
STU-2067,77.8,71.7,12.4,3.53,64.0,1,2,8.3,7.0,76.5,Good
STU-2068,92.7,62.8,8.8,2.73,79.7,1,2,5.8,8.0,62.2,Average
STU-2069,93.9,70.4,11.0,3.0,76.3,0,3,11.3,7.9,72.8,Average
STU-2070,76.6,70.9,12.6,3.7,67.7,0,3,0.5,7.6,71.9,Average
STU-2071,74.2,54.4,9.2,2.89,68.1,1,1,5.9,6.6,64.0,Average
STU-2072,80.1,53.8,9.0,2.82,61.9,1,2,6.1,7.2,54.8,Average
STU-2073,57.2,60.1,11.7,2.98,68.0,0,3,1.5,6.3,57.0,Average
STU-2074,61.2,72.9,15.6,3.88,56.1,1,2,14.0,7.0,71.1,Average
STU-2075,89.7,83.4,17.6,3.25,85.7,0,3,2.6,5.6,78.4,Good
STU-2076,80.5,76.8,12.1,3.06,80.3,0,3,5.6,6.1,80.0,Good
STU-2077,65.8,51.5,11.6,2.81,49.1,1,2,11.6,6.7,58.4,Average
STU-2078,75.2,87.7,21.9,3.29,74.9,1,2,10.6,5.9,86.0,Good
STU-2079,56.2,50.3,9.8,3.35,61.8,1,2,3.6,6.4,55.5,Average
STU-2080,74.7,53.6,11.5,2.57,74.1,1,2,10.7,6.8,62.5,Average
STU-2081,59.0,50.0,13.7,3.36,57.5,0,2,9.2,7.5,56.0,Average
STU-2082,77.8,62.5,13.7,2.98,63.4,0,2,17.3,8.1,68.5,Average
STU-2083,74.7,60.5,11.4,3.06,72.4,0,2,9.6,6.4,59.9,Average
STU-2084,89.0,68.5,10.2,2.65,80.7,0,2,7.4,8.6,62.9,Average
STU-2085,89.0,75.0,17.3,2.87,70.4,0,2,4.6,8.1,77.7,Good
STU-2086,91.4,58.8,12.5,2.59,65.6,0,3,5.0,7.6,67.9,Average
STU-2087,68.8,51.3,9.9,2.56,61.5,0,2,4.7,7.2,54.6,Average
STU-2088,85.2,67.5,11.6,3.22,75.8,0,3,13.5,7.4,67.5,Average
STU-2089,80.0,49.9,9.5,2.89,63.0,1,2,8.1,8.4,57.4,Average
STU-2090,78.0,50.5,8.9,2.47,69.0,0,2,10.3,8.5,53.7,Average
STU-2091,62.1,66.1,16.7,4.0,58.5,0,2,14.1,8.6,70.7,Average
STU-2092,72.4,72.0,18.5,2.54,55.1,0,2,0.0,7.0,71.7,Average
STU-2093,85.1,77.4,15.6,3.54,72.1,1,3,13.1,7.7,73.0,Average
STU-2094,97.9,67.1,8.1,2.39,74.1,0,3,8.2,8.6,60.9,Average
STU-2095,75.5,52.7,9.4,3.26,60.6,1,2,9.7,6.3,60.3,Average
STU-2096,89.7,72.7,10.3,2.94,62.4,0,3,4.7,6.6,58.2,Average
STU-2097,81.5,67.1,10.2,2.77,52.5,0,2,5.0,7.0,56.3,Average
STU-2098,82.0,57.3,14.1,3.14,67.9,0,2,10.0,8.1,69.2,Average
STU-2099,66.8,56.2,11.7,3.08,68.0,0,2,17.5,8.1,60.3,Average
STU-2100,66.5,70.1,19.5,2.68,80.0,0,2,12.0,6.7,74.6,Average
STU-2101,75.2,63.2,10.4,2.66,73.3,1,2,13.1,5.2,68.6,Average
STU-2102,78.6,55.8,13.7,2.34,63.1,0,2,7.2,7.3,58.8,Average
STU-2103,61.7,52.4,9.9,3.19,46.6,0,2,5.6,5.9,56.9,Average
STU-2104,66.6,49.2,10.2,2.49,62.8,0,1,4.9,5.2,49.3,At Risk
STU-2105,97.4,73.5,10.8,3.05,81.6,1,3,6.0,5.5,66.1,Average
STU-2106,93.1,89.6,18.2,3.32,86.2,1,2,0.0,7.4,82.9,Good
STU-2107,43.1,42.5,12.2,3.14,32.2,0,1,5.1,8.6,46.7,At Risk
STU-2108,54.4,61.8,16.7,2.72,53.0,0,2,5.8,7.0,60.9,Average
STU-2109,61.1,62.2,17.1,3.46,63.9,0,3,7.3,7.3,71.0,Average
STU-2110,82.9,59.0,10.6,2.87,72.2,0,2,8.5,8.4,58.8,Average
STU-2111,70.8,56.1,7.5,2.45,64.1,0,2,9.4,5.1,55.6,Average
STU-2112,58.1,57.8,10.3,2.92,55.5,0,2,7.9,7.6,61.3,Average
STU-2113,63.6,67.3,13.2,3.31,63.5,0,2,5.7,7.0,70.2,Average
STU-2114,65.2,50.7,13.9,2.75,63.2,0,2,0.1,7.7,60.2,Average
STU-2115,84.2,72.3,14.6,3.45,79.3,1,2,5.7,6.4,76.2,Good
STU-2116,74.4,68.3,14.4,2.7,70.7,0,1,4.1,6.0,67.9,Average
STU-2117,44.3,53.7,17.4,2.76,55.8,1,1,9.9,7.2,55.3,Average
STU-2118,74.7,50.8,10.9,2.58,62.0,1,3,11.6,9.0,60.0,Average
STU-2119,78.0,69.8,11.7,3.36,67.6,0,2,11.8,8.0,71.8,Average
STU-2120,99.1,73.2,14.1,3.03,85.3,0,3,11.0,6.4,77.6,Good
STU-2121,83.3,84.6,20.0,2.61,82.0,0,2,7.5,5.4,73.3,Average
STU-2122,68.3,72.8,15.5,2.87,69.2,0,2,5.9,5.0,67.0,Average
STU-2123,87.3,58.4,8.2,1.8,78.6,0,3,5.0,8.6,57.6,Average
STU-2124,70.9,73.1,12.2,3.4,65.8,0,2,2.0,5.9,68.5,Average
STU-2125,78.0,63.4,11.9,2.97,62.0,1,2,12.0,6.6,69.8,Average
STU-2126,81.1,52.7,4.5,1.97,67.1,0,2,7.3,8.6,49.5,At Risk
STU-2127,78.8,60.2,7.1,2.39,50.9,0,3,3.0,5.1,53.3,Average
STU-2128,78.8,65.3,13.4,2.86,60.8,0,2,4.7,8.8,70.7,Average
STU-2129,48.9,37.7,6.4,2.46,47.3,1,1,4.5,6.7,36.9,At Risk
STU-2130,64.8,54.0,13.5,3.41,66.0,0,3,8.2,5.6,71.1,Average
STU-2131,80.0,63.6,10.7,3.24,56.9,0,3,12.3,6.7,69.1,Average
STU-2132,50.3,56.3,10.9,3.21,47.7,0,1,6.6,6.1,53.7,Average
STU-2133,35.8,34.4,7.8,1.88,34.2,0,1,0.0,7.5,22.8,At Risk
STU-2134,62.9,55.2,9.8,2.81,52.5,0,2,7.2,6.2,53.3,Average
STU-2135,90.5,60.7,8.2,2.74,77.2,0,2,7.4,4.7,60.6,Average
STU-2136,71.9,43.7,9.4,2.62,66.5,0,3,7.1,6.7,47.0,At Risk
STU-2137,58.1,46.5,8.7,2.86,52.2,1,2,5.5,5.4,50.2,Average
STU-2138,91.9,68.7,15.6,2.54,74.9,1,1,8.9,7.2,66.0,Average
STU-2139,49.5,53.8,15.9,3.15,45.5,1,1,8.3,5.6,60.2,Average
STU-2140,86.0,83.1,17.0,3.39,89.1,0,2,7.9,6.4,88.3,Good
STU-2141,72.5,77.5,12.1,3.36,69.1,1,2,9.7,7.2,68.9,Average
STU-2142,45.6,51.7,14.1,2.99,46.3,0,1,6.3,6.7,58.4,Average
STU-2143,77.9,79.2,17.6,3.95,79.7,1,2,6.1,7.3,86.0,Good
STU-2144,69.3,64.8,13.1,3.56,63.3,1,1,13.5,7.8,65.4,Average
STU-2145,71.8,62.2,12.4,3.0,62.1,1,2,10.2,5.6,68.0,Average
STU-2146,79.5,54.2,8.3,2.83,67.2,0,2,11.3,6.9,55.7,Average
STU-2147,75.4,69.7,12.9,3.65,61.0,0,2,12.9,4.0,69.4,Average
STU-2148,85.3,77.6,14.6,3.5,71.7,0,2,10.1,7.3,76.9,Good
STU-2149,71.5,53.2,8.6,2.42,60.6,0,1,11.7,6.6,46.1,At Risk
STU-2150,96.6,85.0,16.2,3.54,78.6,1,3,1.7,5.8,92.5,Good
STU-2151,69.3,61.6,10.6,2.98,66.2,0,3,8.8,7.4,61.0,Average
STU-2152,87.0,54.5,10.1,2.66,84.9,0,2,7.3,8.4,54.6,Average
STU-2153,86.2,59.4,8.8,2.16,61.9,1,2,14.7,6.4,58.9,Average
STU-2154,70.7,51.9,10.2,2.93,47.8,0,1,11.7,5.9,48.9,At Risk
STU-2155,61.7,47.6,11.7,3.04,42.0,0,1,5.5,7.2,47.1,At Risk
STU-2156,90.2,75.7,16.7,3.76,78.4,0,3,9.5,5.4,90.2,Good
STU-2157,86.7,86.3,21.4,3.48,78.1,0,3,8.7,6.2,83.8,Good
STU-2158,72.9,55.8,9.6,2.79,63.3,1,2,9.8,8.5,49.1,At Risk
STU-2159,89.9,62.2,12.3,3.23,75.3,0,3,3.9,7.1,74.4,Average
STU-2160,85.3,79.7,17.9,3.42,65.6,1,3,9.4,4.7,81.9,Good
STU-2161,67.9,56.6,17.6,3.09,53.9,0,2,7.1,4.8,62.5,Average
STU-2162,74.9,64.2,13.6,2.79,69.9,0,2,9.1,7.2,62.4,Average
STU-2163,76.6,68.9,16.2,2.81,72.7,0,2,5.1,8.0,69.1,Average
STU-2164,60.2,61.9,11.4,3.22,53.4,1,1,5.7,5.1,57.9,Average
STU-2165,77.6,82.0,17.6,3.24,60.5,0,3,12.7,7.5,84.8,Good
STU-2166,91.0,65.7,15.0,2.92,81.8,0,3,3.8,8.6,66.7,Average
STU-2167,85.8,49.9,4.8,1.87,73.1,0,3,4.1,9.3,49.6,At Risk
STU-2168,99.6,64.8,9.3,2.47,78.2,0,2,7.8,7.4,67.0,Average
STU-2169,82.7,68.1,9.9,3.33,60.6,0,3,4.9,7.6,66.9,Average
STU-2170,97.1,62.4,8.9,2.09,74.4,0,3,4.5,4.4,54.0,Average
STU-2171,69.8,70.8,19.1,3.58,60.4,0,3,8.4,9.5,81.5,Good
STU-2172,91.0,75.3,13.5,3.52,84.7,0,3,2.0,6.3,76.9,Good
STU-2173,96.2,64.6,10.4,3.07,76.0,0,3,4.0,5.9,68.7,Average
STU-2174,60.5,61.9,11.4,3.32,42.8,1,3,16.2,6.7,67.9,Average
STU-2175,83.4,73.9,13.8,3.29,70.0,0,2,9.8,8.8,74.2,Average
STU-2176,39.6,55.7,14.5,3.0,52.9,0,1,5.0,9.6,44.6,At Risk
STU-2177,82.8,65.3,16.8,2.43,73.0,0,2,9.7,7.2,72.6,Average
STU-2178,86.3,66.3,10.6,3.49,68.0,0,1,10.3,8.2,67.7,Average
STU-2179,61.5,66.8,21.6,3.68,59.9,0,3,12.0,7.1,74.9,Average
STU-2180,63.6,54.8,11.0,2.51,62.7,0,2,7.5,5.8,53.6,Average
STU-2181,75.7,53.0,13.6,2.41,62.8,1,2,11.9,8.8,60.5,Average
STU-2182,84.6,79.6,15.1,2.99,57.4,0,2,0.0,6.3,81.7,Good
STU-2183,57.2,43.9,11.7,2.77,52.5,0,1,3.8,8.8,40.9,At Risk
STU-2184,70.7,66.1,13.1,3.12,72.5,0,2,8.7,8.6,69.8,Average
STU-2185,58.5,75.2,16.6,3.59,59.0,0,2,9.3,7.7,75.8,Good
STU-2186,96.1,64.1,7.5,2.04,85.8,0,3,4.4,9.2,59.3,Average
STU-2187,77.5,76.7,15.5,3.76,74.7,0,2,9.0,9.7,83.1,Good
STU-2188,64.3,54.0,14.1,2.87,65.0,1,2,5.5,6.8,64.3,Average
STU-2189,87.9,62.5,11.8,3.28,71.5,0,3,6.9,6.0,65.4,Average
STU-2190,71.7,76.6,18.2,3.33,70.7,0,2,12.1,4.8,82.7,Good
STU-2191,92.3,90.5,18.0,3.38,80.3,0,3,11.6,9.7,81.8,Good
STU-2192,58.0,52.1,11.6,3.08,53.4,0,1,4.0,6.5,49.1,At Risk
STU-2193,79.9,64.9,15.5,3.18,76.8,1,2,3.8,8.4,71.8,Average
STU-2194,85.1,57.0,15.0,3.18,67.3,0,3,6.4,6.1,77.8,Good
STU-2195,88.5,57.3,10.0,2.77,62.1,0,2,7.9,8.8,59.8,Average
STU-2196,81.5,56.9,11.7,2.26,59.9,1,2,5.4,6.2,57.4,Average
STU-2197,67.2,73.0,16.8,2.5,83.5,0,2,12.2,5.6,71.7,Average
STU-2198,81.8,76.9,16.9,3.0,79.5,1,2,9.4,6.7,75.8,Good
STU-2199,56.4,48.7,8.0,2.7,53.1,0,2,9.6,6.4,42.5,At Risk
